aID,aName
65731,Sam Worthington
8691,Zoe Saldana
10205,Sigourney Weaver
32747,Stephen Lang
17647,Michelle Rodriguez
1771,Giovanni Ribisi
59231,Joel David Moore
30485,CCH Pounder
15853,Wes Studi
10964,Laz Alonso
98215,Matt Gerald
42317,Scott Lawrence
68278,Peter Mensah
236696,Terry Notary
42286,Julene Renee
85,Johnny Depp
114,Orlando Bloom
116,Keira Knightley
1640,Stellan Skarsg?rd
1619,Chow Yun-fat
2440,Bill Nighy
118,Geoffrey Rush
1709,Jack Davenport
2449,Kevin McNally
2441,Tom Hollander
2038,Naomie Harris
378,Jonathan Pryce
1711,Mackenzie Crook
4031,Greg Ellis
1715,David Bailie
4030,Martin Klebba
939,David Schofield
2452,Vanessa Branch
1714,Angus Barnett
22075,Reggie Lee
33500,Takayo Fischer
1123,Andy Beckwith
1056117,Peter Donald Badalamenti II
8784,Daniel Craig
27319,Christoph Waltz
121529,L?a Seydoux
5469,Ralph Fiennes
28782,Monica Bellucci
17064,Ben Whishaw
543530,Dave Bautista
139549,Rory Kinnear
2244,Jesper Christensen
5309,Judi Dench
3894,Christian Bale
3895,Michael Caine
64,Gary Oldman
1813,Anne Hathaway
2524,Tom Hardy
8293,Marion Cotillard
24045,Joseph Gordon-Levitt
192,Morgan Freeman
2037,Cillian Murphy
36594,Juno Temple
3896,Liam Neeson
8654,Matthew Modine
77335,Ben Mendelsohn
928532,Josh Pence
125025,Joey King
39659,Burn Gorman
16841,Brett Cullen
8191,Chris Ellis
539,Thomas Lennon
10689,Rob Brown
83271,Glen Powell
535,Russ Fega
15011,Brent Briscoe
21505,Robert Wisdom
53252,Noel Gugliemi
40039,Josh Stewart
21416,William Devane
6365,Desmond Harrington
941,Tomas Arana
20469,Jillian Armenante
1359461,Graham Curry
1098036,John W. Iwanonkiw
1480130,Tiffany Sander McKenzie
20582,Michael Papajohn
1205623,Barbara Vincent
1574936,Mark Falvo
1580574,Gary Sievers
60900,Taylor Kitsch
21044,Lynn Collins
2206,Samantha Morton
5293,Willem Dafoe
19159,Thomas Haden Church
2983,Mark Strong
8785,Ciar?n Hinds
17287,Dominic West
17648,James Purefoy
17419,Bryan Cranston
57675,Daryl Sabara
118617,Nicholas Woodeson
2219,Tobey Maguire
205,Kirsten Dunst
17051,James Franco
17052,Topher Grace
18997,Bryce Dallas Howard
18998,Rosemary Harris
2505,James Cromwell
18999,J.K. Simmons
19152,Dylan Baker
5502,Bill Nunn
9281,Elizabeth Banks
11769,Ted Raimi
6585,Perla Haney-Jardine
19153,Cliff Robertson
2368,Elya Baskin
20580,Joe Manganiello
7624,Stan Lee
11357,Bruce Campbell
552526,Andre B. Blake
11766,Timothy Patrick Quill
233298,Robert Curtis Brown
53257,Emilio Rivera
193946,Mark Kubr
1246221,Bernadette Lords
16855,Mandy Moore
2517,Donna Murphy
2372,Ron Perlman
22132,M.C. Gainey
4175,Jeffrey Tambor
18,Brad Garrett
1219029,Paul F. Tompkins
10460,Richard Kiel
3223,Robert Downey Jr.
74568,Chris Hemsworth
103,Mark Ruffalo
16828,Chris Evans
1245,Scarlett Johansson
17604,Jeremy Renner
13548,James Spader
2231,Samuel L. Jackson
1896,Don Cheadle
27428,Aaron Taylor-Johnson
550843,Elizabeth Olsen
6162,Paul Bettany
71189,Cobie Smulders
53650,Anthony Mackie
39459,Hayley Atwell
17605,Idris Elba
1817,Linda Cardellini
3491,Thomas Kretschmann
1333,Andy Serkis
1146,Julie Delpy
7030,Henry Goodman
43373,Aaron Himelstein
62105,Kerry Condon
16851,Josh Brolin
1429470,Nick W. Nicholson
1371439,Daniel Westwood
10980,Daniel Radcliffe
10989,Rupert Grint
10990,Emma Watson
10993,Tom Felton
5658,Michael Gambon
388,Jim Broadbent
1283,Helena Bonham Carter
1923,Robbie Coltrane
10978,Maggie Smith
4566,Alan Rickman
9191,Timothy Spall
11207,David Thewlis
477,Julie Walters
96841,Matthew Lewis
10991,Bonnie Wright
140368,Oliver Phelps
96851,James Phelps
20999,Mark Williams
11184,Warwick Davis
3300,Natalia Tena
60348,Dave Legeno
10988,Geraldine Somerville
15737,Helen McCrory
11180,David Bradley
9138,Gemma Jones
234922,Devon Murray
11212,Josh Herdman
956224,Jamie Waylett
234923,Alfie Enoch
202032,Ralph Ineson
880,Ben Affleck
73968,Henry Cavill
90633,Gal Gadot
9273,Amy Adams
44735,Jesse Eisenberg
2882,Diane Lane
16940,Jeremy Irons
2975,Laurence Fishburne
18686,Holly Hunter
59233,Scoot McNairy
208296,Callan Mulvey
20089,Jena Malone
9464,Harry Lennix
1269,Kevin Costner
132157,Ezra Miller
17178,Patrick Wilson
335,Michael Shannon
12219,Jon Stewart
17832,Carla Gugino
3977,Joe Morton
47296,Jeffrey Dean Morgan
19300,Sammi Rotibi
79086,Kent Shocknek
1077782,Gary A. Hecker
130081,Robin Atkin Downes
1979,Kevin Spacey
7517,Kate Bosworth
11006,James Marsden
7489,Parker Posey
8924,Frank Langella
53492,Sam Huntington
2639,Eva Marie Saint
3084,Marlon Brando
53493,Kal Penn
18182,Olga Kurylenko
8789,Mathieu Amalric
59620,Gemma Arterton
2954,Jeffrey Wright
35029,David Harbour
62892,Anatole Taubman
11276,Tim Pigott-Smith
76857,Joaqu?n Cosio
64102,Christopher Adamson
10960,Max Baker
25441,Steve Speirs
53807,Armie Hammer
886,William Fichtner
18473,James Badge Dale
207,Tom Wilkinson
12834,Barry Pepper
22063,James Frain
71467,Matt O'Leary
15374,Leon Rippy
6951,W. Earl Brown
84225,Gil Birmingham
1094319,Matthew Page
1240490,Kevin Wiggins
208061,Chad Brummett
21723,Robert Baker
37027,Lew Temple
17401,Stephen Root
102567,Randy Oglesby
56267,Brad Greenquist
22250,Rance Howard
59847,Leonard Earl Howze
934,Russell Crowe
43202,Antje Traue
22227,Christopher Meloni
8786,Ayelet Zurer
31028,Richard Schiff
50217,Michael Kelly
12371,Richard Cetrone
37698,Mackenzie Gray
2320,Julian Richings
11831,Mary Black
4095,David Lewis
25130,Ben Barnes
5529,Anna Popplewell
22970,Peter Dinklage
17839,Pierfrancesco Favino
25136,Ken Stott
3063,Tilda Swinton
1926,Eddie Izzard
91606,Tom Hiddleston
9048,Clark Gregg
12052,Gwyneth Paltrow
14464,Jenny Agutter
6280,Powers Boothe
34486,Ashley Johnson
5048,Harry Dean Stanton
79079,Jamie McShane
51303,Jeff Wolfe
1018947,Maximiliano Hern?ndez
150194,Damion Poitier
66525,Jesse Garcia
2256,Robert Clohessy
1480047,Pat Kiernan
955,Pen?lope Cruz
6972,Ian McShane
237455,Sam Claflin
1115,Stephen Graham
59129,?scar Jaenada
10983,Richard Griffiths
8399,Christopher Fairbank
75076,Bronson Webb
51300,Derek Mears
58758,Deobia Oparei
11279,Roger Allam
2888,Will Smith
2176,Tommy Lee Jones
72873,Michael Stuhlbarg
7056,Emma Thompson
55936,Jemaine Clement
59860,Alice Eve
19278,Bill Hader
87070,Michael Chernus
33533,David Rasche
21200,Will Arnett
1152008,Dan Bittner
7060,Martin Freeman
1327,Ian McKellen
30315,Richard Armitage
95047,Graham McTavish
34715,James Nesbitt
207558,Aidan Turner
173451,Jed Brophy
19034,Evangeline Lilly
72095,Lee Pace
112,Cate Blanchett
1331,Hugo Weaving
113,Christopher Lee
65,Ian Holm
114019,Luke Evans
11275,Stephen Fry
126667,John Bell
41782,Manu Bennett
9188,Billy Connolly
71580,Benedict Cumberbatch
37625,Andrew Garfield
54693,Emma Stone
7026,Rhys Ifans
5724,Denis Leary
55152,Campbell Scott
76793,Irrfan Khan
8349,Martin Sheen
35,Sally Field
558928,Max Charles
6368,Embeth Davidtz
2878,C. Thomas Howell
9289,Michael Massee
61263,Skyler Gisondo
15318,Keith Campbell
58510,John Burke
1983,Vincent Laresca
68430,Tia Texada
2201,Max von Sydow
227,William Hurt
25072,Oscar Isaac
6413,Danny Huston
20300,Eileen Atkins
13633,Mark Addy
15576,Matthew Macfadyen
79072,Kevin Durand
43131,Gerard McSorley
34515,Velibor Topic
16358,Simon McBurney
58787,Giannina Facio
3551,Jake Curran
58769,Stephen Colbert
2227,Nicole Kidman
16431,Sam Elliott
10912,Eva Green
1281,Freddie Highmore
5470,Kristin Scott Thomas
8534,Kathy Bates
20070,Jim Carter
14011,Tom Courtenay
45586,Magda Szubanski
937,Derek Jacobi
142389,Charlie Rowe
63608,Jason Watkins
3489,Naomi Watts
70851,Jack Black
3490,Adrien Brody
3492,Colin Hanks
478,Jamie Bell
3497,Kyle Chandler
204,Kate Winslet
6193,Leonardo DiCaprio
3713,Frances Fisher
1954,Billy Zane
2053,Bill Paxton
1369,Bernard Hill
2076,David Warner
8536,Victor Garber
8540,Danny Nucci
65524,Ioan Gruffudd
1080265,Michael Ensign
26863,Richard Graham
3981,Jenette Goldstein
29214,Anne Fletcher
60898,Sebastian Stan
172069,Chadwick Boseman
22226,Paul Rudd
81685,Frank Grillo
3872,Daniel Br?hl
21134,John Slattery
3141,Marisa Tomei
15250,Hope Davis
1981,Alfre Woodard
161932,Jim Rash
28846,Alexander Skarsg?rd
13275,Tadanobu Asano
88124,Jesse Plemons
98953,Jerry Ferrara
60875,David Jensen
36602,Peter Berg
23429,Adam Godley
55205,Stephen Bishop
68180,Gary Grubbs
17838,Rami Malek
3218,Louis Lombardi
1049830,Kerry Cahill
84756,Kyle Russell Clements
73457,Chris Pratt
7132,Vincent D'Onofrio
17181,Ty Simpkins
543505,Jake Johnson
14592,BD Wong
20750,Judy Greer
116278,Brian Tee
170635,Andy Buckley
59297,Eric Edelstein
11669,Jimmy Fallon
97446,James DuMont
3810,Javier Bardem
3926,Albert Finney
658,Alfred Molina
74949,Joel McHale
75316,Hal Sparks
25933,Emily Deschanel
18307,Daniel Dae Kim
20644,Aasif Mandvi
20491,Vanessa Ferlito
52847,Joy Bryant
4610,John Landis
31549,Phil LaMarr
59846,Joanne Baron
19489,Peter McRobbie
62646,Marc John Jefferies
31508,Reed Diamond
27688,Dan Callahan
52271,Brianna Brown
54586,Molly Cheek
1254435,Peyton List
1500999,David Boston
529,Guy Pearce
15556,Rebecca Hall
15277,Jon Favreau
2282,Ben Kingsley
121953,Stephanie Szostak
6573,William Sadler
46814,Dale Dickey
15860,Miguel Ferrer
17857,Shaun Toub
74086,Bill Maher
14670,Joan Rivers
49275,Spencer Garrett
38709,Tom Virtue
115974,Adam Pally
57251,Linden Ashby
1366,Sala Baker
1221121,Dennis Keiffer
76070,Mia Wasikowska
1064,Crispin Glover
20982,Marton Csokas
30083,Lindsay Duncan
26209,Matt Lucas
11855,Geraldine James
29237,Leo Bill
47468,Frances de la Tour
3968,Michael Sheen
3796,Michael Gough
11356,Imelda Staunton
6968,Hugh Jackman
4587,Halle Berry
2387,Patrick Stewart
10696,Famke Janssen
10690,Anna Paquin
7090,Kelsey Grammer
11023,Shawn Ashmore
11022,Aaron Stanford
27578,Ellen Page
11008,Rebecca Romijn
980,Vinnie Jones
11107,Ben Foster
84222,Daniel Cudmore
37046,Dania Ramirez
52414,Cameron Bright
2131,Ken Leung
58115,Eric Dane
4776,Michael Murphy
21041,Shohreh Aghdashloo
14792,Josef Sommer
1103,Bill Duke
61555,Haley Ramm
4741,Cayden Boyd
11616,Olivia Williams
7904,Billy Crystal
1230,John Goodman
884,Steve Buscemi
15735,Helen Mirren
52601,Sean Hayes
21290,Dave Foley
95101,Charlie Day
51383,Tyler Labine
51797,Nathan Fillion
119592,Aubrey Plaza
452205,Bobby Moynihan
11806,Julia Sweeney
5149,Bonnie Hunt
17697,John Krasinski
10,Bob Peterson
7907,John Ratzenberger
7908,Frank Oz
1340664,Ava Acres
10959,Shia LaBeouf
19537,Megan Fox
19536,Josh Duhamel
11678,Rainn Wilson
8169,Tyrese Gibson
1241,John Turturro
14721,Kevin Dunn
24305,Julie White
72985,Ram?n Rodr?guez
12797,Glenn Morshower
19540,Peter Cullen
19541,Mark Ryan
117187,Reno Wilson
84495,Jess Harnell
2962,Robert Foxworth
15761,Grey Griffin
19384,Tony Todd
81178,Charlie Adler
15831,Frank Welker
78798,Tom Kenny
13919,Michael York
24362,Kevin Michael Richardson
12793,Matthew Marsden
1295,Deep Roy
13240,Mark Wahlberg
2283,Stanley Tucci
39389,Titus Welliver
3971,Sophia Myles
109432,Li Bingbing
51990,T.J. Miller
3899,Ken Watanabe
31531,John DiMaggio
27993,Jeffrey Combs
6576,Mark Rolston
18262,Richard Riehle
18973,Mila Kunis
3293,Rachel Weisz
1812,Michelle Williams
5367,Zach Braff
8854,Bill Cobbs
19754,Tony Cox
123725,Abigail Spencer
134,Jamie Foxx
122889,Dane DeHaan
10132,Colm Feore
13242,Paul Giamatti
72855,Felicity Jones
2955,Chris Cooper
107770,B. J. Novak
190895,Sarah Gadon
94432,Adrian Martinez
9828,Garrett Hedlund
1229,Jeff Bridges
59315,Olivia Wilde
60033,Yaya DaCosta
887,Owen Wilson
15897,Larry the Cable Guy
1246,Emily Mortimer
3266,Joe Mantegna
31514,Peter Jacobson
4252,Tony Shalhoub
11355,Jason Isaacs
25074,Stanley Townsend
15900,Paul Dooley
22383,Franco Nero
13333,Vanessa Redgrave
11159,Cheech Marin
15899,Jenifer Lewis
381,Katherine Helmond
60074,Jeff Garlin
21125,Richard Kind
3202,Edie McClurg
10859,Ryan Reynolds
59175,Blake Lively
133,Peter Sarsgaard
504,Tim Robbins
7242,Temuera Morrison
4602,Jon Tenney
9780,Angela Bassett
61981,Michael Clarke Duncan
6574,Clancy Brown
117885,Gattlin Griffith
565498,Laura Cayouette
31,Tom Hanks
12898,Tim Allen
13726,Ned Beatty
3234,Joan Cusack
2232,Michael Keaton
2395,Whoopi Goldberg
12900,Wallace Shawn
7167,Don Rickles
12133,Laurie Metcalf
21485,Blake Clark
109869,Kristen Schaal
8655,R. Lee Ermey
10669,Timothy Dalton
24358,Lori Alan
167295,John Cygan
7882,Jeff Pidgeon
19545,Jack Angel
157626,Jan Rabson
59784,Carlos Alazraqui
52699,Danny Mann
84493,Mickie McGowan
35159,Laraine Newman
214701,Sherry Lynn
86007,Jim Ward
21028,Anton Yelchin
56455,Moon Bloodgood
4238,Common
11086,Michael Ironside
76543,Chris Browning
1100,Arnold Schwarzenegger
12835,Vin Diesel
8167,Paul Walker
18918,Dwayne Johnson
8171,Ludacris
22123,Jordana Brewster
938,Djimon Hounsou
6856,Kurt Russell
976,Jason Statham
61697,Sung Kang
155,Lucas Black
118593,Anna Colwell
80619,Steve Coulter
58197,Shad Moss
287,Brad Pitt
175826,Mireille Enos
1186840,Sterling Jerins
7219,David Andrews
52,David Morse
28657,Matthew Fox
12982,Peter Capaldi
677,Moritz Bleibtreu
23440,Konstantin Khabenskiy
5530,James McAvoy
17288,Michael Fassbender
72129,Jennifer Lawrence
3292,Nicholas Hoult
55089,Evan Peters
429,Lucas Till
4250,Michael Lerner
7013,Mark Camacho
64674,Mike Dopud
115596,Arthur Holden
62064,Chris Pine
17306,Zachary Quinto
1372,Karl Urban
11108,Simon Pegg
68842,John Cho
21089,Bruce Greenwood
27811,Peter Weller
1192492,Aisha Hinds
41421,Jennifer Morrison
1749,Leonard Nimoy
162924,Rob Moran
56448,Jeff Chase
60279,Fred Tatasciore
3061,Ewan McGregor
1665,Eddie Marsan
1125,Ewen Bremner
53916,Ralph Brown
202760,Andrew Brooke
126042,Alex MacQueen
36662,Carey Mulligan
33192,Joel Edgerton
52848,Isla Fisher
76512,Jason Clarke
35780,Amitabh Bachchan
131,Jake Gyllenhaal
20286,Toby Kebbell
52890,Richard Coyle
56365,Charlie Hunnam
94864,Max Martini
112692,Robert Maillet
15376,Brad William Henke
5365,Clifton Collins Jr
10847,Santiago Segura
86237,Joe Pingue
59198,Matthew G. Taylor
6949,John Malkovich
83586,Ken Jeong
3910,Frances McDormand
18352,Patrick Dempsey
21088,Alan Tudyk
1736,James Remar
95875,Andrew Daly
3,Harrison Ford
5538,Ray Winstone
650,Karen Allen
5049,John Hurt
36218,Andrew Divoff
52761,Igor Jijikine
52762,Pavel Lychnikoff
52760,Alan Dale
58210,"Ernie Reyes, Jr."
109667,Ilia Volok
43776,Neil Flynn
18324,Steve Zahn
60460,A.J. Buckley
9015,Kelly Macdonald
9013,Kevin McKidd
24264,Craig Ferguson
17305,Greg Grunberg
74242,Shea Whigham
20753,Fred Willard
11074,Kathy Najimy
78317,Bob Bergen
12890,Pete Docter
86006,Paul Eiding
84494,Donald Fullilove
7,Andrew Stanton
66,Chris Tucker
18897,Jackie Chan
9195,Hiroyuki Sanada
4492,Philip Baker Hall
21629,Tzi Ma
13314,Dana Ivey
39829,Henry O
3036,John Cusack
2956,Amanda Peet
5294,Chiwetel Ejiofor
9030,Thandie Newton
17485,Oliver Platt
17867,Tom McCarthy
57755,Woody Harrelson
2047,Danny Glover
83852,Liam James
21722,John Billingsley
18364,George Segal
230,Stephen McHattie
16756,Jimi Mistry
5274,Patrick Bauchau
42711,Ty Olsson
206,Jim Carrey
5472,Colin Firth
2130,Cary Elwes
32,Robin Wright
382,Bob Hoskins
72305,Lesley Manville
38673,Channing Tatum
48,Sean Bean
37632,Eddie Redmayne
1216606,Gugu Mbatha-Raw
47625,Christina Cole
19655,James D'Arcy
25451,Spencer Wilding
1388891,Jozef Aoki
1394359,Nathan Geist
234352,Margot Robbie
21343,Ben Chaplin
139654,Genevieve O'Reilly
1363049,Lasco Atkins
2467,James Cosmo
2050,Noah Huntley
4757,Rupert Everett
147,Michael Madsen
9827,Rose Byrne
113505,Kodi Smit-McPhee
81364,Olivia Munn
51389,Joe Cobden
6752,Zeljko Ivanek
1810,Heath Ledger
6383,Aaron Eckhart
1579,Maggie Gyllenhaal
21315,Eric Roberts
13939,Ritchie Coster
1904,Anthony Michael Hall
18052,Nathan Gamble
64856,Michael Jai White
8396,Tom Lister Jr.
18070,Nicky Katt
1360008,Joseph Oliveira
1209055,John Warman
127005,Chris Wilson
68812,Ed Asner
290,Christopher Plummer
18792,Delroy Lindo
19274,Seth Rogen
368,Reese Witherspoon
41419,Hugh Laurie
2628,Kiefer Sutherland
78303,Jimmy Kimmel
56322,Amy Poehler
27105,Ed Helms
9137,Ren?e Zellweger
18864,Tom McGrath
12098,Chris Miller
64151,Mike Mitchell
1077844,David P. Smith
12080,Conrad Vernon
1448984,Stephen Kearin
18288,Terrence Howard
57452,Faran Tahir
57451,Leslie Bibb
173810,Sayed Badreya
17200,Bill Smitrovich
12708,Peter Billingsley
40275,Tim Guinee
142213,Nazanin Boniadi
27031,Tim Griffin
6730,Sacha Baron Cohen
77996,Asa Butterfield
56734,Chlo? Grace Moretz
9642,Jude Law
39185,Kevin Eldon
10692,Michael Pitt
1032,Martin Scorsese
8945,Kevin Kline
11181,Kenneth Branagh
3136,Salma Hayek
588,M. Emmet Walsh
15854,Ted Levine
1475,Musetta Vander
31647,Garcelle Beauvais
39126,Bai Ling
71562,Buck Taylor
11764,Ian Abercrombie
48136,Gary Carlos Cervantes
18269,Brendan Fraser
1336,Jet Li
10727,John Hannah
49,Maria Bello
1620,Michelle Yeoh
15498,Liam Cunningham
10779,David Calder
92404,Joel Kinnaman
19492,Viola Davis
7499,Jared Leto
224181,Jai Courtney
19487,Jay Hernandez
31164,Adewale Akinnuoye-Agbaje
1289968,Cara Delevingne
33527,Adam Beach
198150,Ike Barinholtz
928572,Scott Eastwood
84217,Alex Meraz
190900,Ted Whittall
41561,Kenneth Choi
4495,Steve Carell
16858,Lauren Graham
6860,Jimmy Bennett
8265,John Michael Higgins
27102,Wanda Sykes
27104,Johnny Simmons
21007,Jonah Hill
14329,Dean Norris
28640,Molly Shannon
1349629,Harry S. Murphy
500,Tom Cruise
5081,Emily Blunt
2039,Brendan Gleeson
115679,Charlotte Riley
1284,Noah Taylor
17352,Marianne Jean-Baptiste
12799,Jeremy Piven
49832,R. D. Call
10478,Jeanne Tripplehorn
2778,Dennis Hopper
47458,Zakes Mokae
1240,Jack Kehler
2169,Michael Jeter
8335,Kim Coates
6065,Dennis Quaid
9562,Marlon Wayans
23459,Sienna Miller
5419,Sa?d Taghmaoui
2040,Christopher Eccleston
25002,Lee Byung-hun
50347,Rachel Nichols
11007,Ray Park
16743,Arnold Vosloo
18916,Kevin J. O'Connor
105047,Gerald Okamura
125167,Mindy Kaling
6677,Kyle MacLachlan
64181,Dave Goelz
1237,Flea
80591,Rashida Jones
111466,Mona Marshall
61969,Phil Proctor
1532,Bill Murray
4690,Christopher Walken
4808,Giancarlo Esposito
52865,Garry Shandling
1259762,Emjay Anthony
23680,Dee Bradley Baker
2295,Mickey Rourke
6807,Sam Rockwell
51072,Kate Mara
1003061,Krystal Ellsworth
168925,Nadine Ellis
37917,Kristen Stewart
6885,Charlize Theron
11109,Nick Frost
13014,Toby Jones
55585,Sam Spruell
32300,Johnny Harris
9831,Vincent Regan
29406,Joey Ansah
11701,Angelina Jolie
18050,Elle Fanning
32987,Sam Riley
1017347,Brenton Thwaites
8436,Miranda Richardson
26258,Kenneth Cranham
1252814,Angus Wright
47627,Janet McTeer
1207207,Jo?o Costa Menezes
41292,Keri Russell
58395,Karin Konoval
12798,Enrique Murciano
231857,Jon Eyez
29933,Deneen Tyler
129868,J.D. Evermore
43010,"Thomas Rosales, Jr."
60877,Carol Sutton
1173099,Christopher Berry
2299,Josh Hartnett
11851,Om Puri
693,Roshan Seth
1014587,Bryan Probets
6384,Keanu Reeves
11398,Cary-Hiroyuki Tagawa
31387,Yorick van Wageningen
9192,Togo Igawa
2249,Clyde Kusatsu
4135,Robert Redford
156739,Bernard White
60846,Pat Healy
18300,Eddie J. Fernandez
35172,Robert Clotworthy
33,Gary Sinise
12073,Mike Myers
776,Eddie Murphy
6941,Cameron Diaz
3131,Antonio Banderas
5823,Julie Andrews
65717,Jon Hamm
8930,John Cleese
64342,Craig Robinson
43775,Jane Lynch
25703,Lake Bell
3138,Kathy Griffin
5960,Mary Kay Place
12095,Cody Cameron
44127,Larry King
151657,Regis Philbin
12097,Christopher Knights
52018,Britt Robertson
1461,George Clooney
17696,Kathryn Hahn
298410,Keegan-Michael Key
74428,Tim McGraw
4445,Chris Bauer
992427,Pierce Gagnon
26089,Garry Chalk
1655618,Tim Perez
102742,Patrick Sabongui
60652,Darren Shahlavi
66580,Scott Adsit
78324,Jamie Chung
87822,Damon Wayans Jr.
589162,G?nesis Rodr?guez
52792,Maya Rudolph
21132,Abraham Benrubi
36821,Nicholas Guest
950773,Jackie Gonneau
4764,John C. Reilly
7404,Sarah Silverman
58737,Jack McBrayer
21131,Joe Lo Truglio
18977,Ed O'Neill
352,Dennis Haysbert
52117,Horatio Sanz
46074,Rachael Harris
73128,Skylar Astin
34521,Maurice LaMarche
12077,Jim Cummings
73016,Debi Derryberry
113916,Scott Menville
60739,Kath Soucie
15274,E.G. Daily
18286,Nona Gaye
42362,Eddie Deezen
12826,Charles Fleischer
96066,Liam Hemsworth
4785,Jeff Goldblum
8984,Bill Pullman
6068,Sela Ward
2535,Vivica A. Fox
4273,Charlotte Gainsbourg
1213786,Brent Spiner
6167,Judd Hirsch
117437,Patrick St. Esprit
81683,Gbenga Akinnagbe
1162,Robert Loggia
449,Jay Baruchel
17276,Gerard Butler
59174,America Ferrera
54691,Christopher Mintz-Plasse
41091,Kristen Wiig
6408,Nick Stahl
6194,Claire Danes
51329,Bradley Cooper
12132,Michael Rooker
515,Glenn Close
1121,Benicio del Toro
82639,Ophelia Lovibond
11115,Peter Serafinowicz
2518,Gregg Henry
78021,Lloyd Kaufman
13922,Seth Green
91494,Enzo Cilenti
10297,Matthew McConaughey
83002,Jessica Chastain
1893,Casey Affleck
851784,Mackenzie Foy
58549,Bill Irwin
1892,Matt Damon
9560,Ellen Burstyn
12074,John Lithgow
8210,Wes Bentley
35013,David Oyelowo
86624,Collette Wolfe
31649,Brooke Smith
13022,Tom Berenger
4935,Pete Postlethwaite
526,Lukas Haas
66441,Talulah Riley
72864,Tim Kelleher
2541,Jun Kunimura
109,Elijah Wood
10883,Rick Yune
9186,Chad Lindberg
31841,Matt Schulze
8175,Thom Barry
61216,Vyto Ruginis
15887,Julia Ormond
973,Jason Flemyng
13550,Elias Koteas
40036,Taraji P. Henson
230995,Donna DuPlantier
52483,Rus Blackwell
932967,Mahershala Ali
17184,Phyllis Somerville
101847,Lance E. Nichols
75325,Patrick Thomas O'Brien
15440,Jared Harris
1503756,Clay Chamberlin
4724,Kevin Bacon
31717,January Jones
572541,Caleb Landry Jones
37153,Zo? Kravitz
39391,Edi Gathegi
13525,Matt Craven
1118,Rade Serbedzija
20471,Demetri Goritsas
6719,Ray Wise
17199,Corey Johnson
2220,Tony Curran
36631,Randall Batinkoff
9140,James Faulkner
1088,Ludger Pistor
27972,Josh Hutcherson
1231,Julianne Moore
1233,Philip Seymour Hoffman
55636,Donald Sutherland
51682,Wes Chatham
58502,Natalie Dormer
20220,Elden Henson
94103,Evan Ross
47533,Paula Malcomson
17343,Robert Knepper
167862,Omid Abtahi
20275,Sarita Choudhury
1329572,Brandon Cyrus
141762,Joe Chrest
10691,April Grace
147642,Alexander Yassin
2963,Nicolas Cage
20374,Teresa Palmer
2506,Alice Krige
334,Omar Benson Miller
17834,Jake Cherry
3037,Richard Dreyfuss
6164,Josh Lucas
6857,Jacinda Barrett
4730,Emmy Rossum
6858,Mike Vogel
6859,M?a Maestro
6861,Andre Braugher
6862,Freddy Rodr?guez
20497,Fergie
10713,Eric Idle
12110,Amy Sedaris
12111,Justin Timberlake
60252,Cheri Oteri
71535,Tom Kane
52851,Paula Patton
55470,Dominic Cooper
540,Callum Keith Rennie
77164,Ryan Robbins
63566,Michael Adamthwaite
28871,Eugene Lipinski
1030512,Dayo Okeniyi
24047,Courtney B. Vance
65345,Sandrine Holt
37937,Gregory Alan Williams
76021,Griff Furst
37825,Afemo Omilami
565501,Teri Wyble
100567,Kerry O'Malley
1576251,Terry Dale Parks
60077,Douglas Smith
60881,Douglas M. Griffin
93491,Will Poulter
27752,Bruce Spence
3967,Kate Beckinsale
9777,Cuba Gooding Jr.
10127,Jon Voight
7447,Alec Baldwin
3197,Tom Sizemore
10128,William Lee Scott
5915,Jaime King
9278,Jennifer Garner
707,Dan Aykroyd
10134,Mako
10135,Jesse James
10137,Steve Rankin
10138,Brian Haley
6110,Graham Beckel
56045,Matthew Davis
6914,Scott Wilson
140250,Tom Everett
5151,Beth Grant
154295,Michael Milhoan
22109,Peter Firth
52366,Andrew Bryniarski
4942,John Diehl
29020,Eric Christian Olsen
9291,Michael Shamus Wiles
828,Guy Torry
2221,Leland Orser
77155,James Saito
32357,Nicholas Farrell
1670,Daniel Mays
19538,Rachael Taylor
18471,Anthony Anderson
21710,Michael O'Neill
17341,Amaury Nolasco
1897,Bernie Mac
146391,Brian Stepanek
865,Michael Bay
51992,Odette Annable
12714,Zack Ward
123532,Rick Gomez
72466,Colin Farrell
5576,Val Kilmer
1244,Jonathan Rhys Meyers
4173,Anthony Hopkins
4738,Connor Paolo
5916,Rosario Dawson
8318,Brian Blessed
39678,Rab Affleck
10981,Fiona Shaw
23076,Robert Hardy
1643,Adrian Rawlins
2247,George Harris
16792,Richard Leaf
11288,Robert Pattinson
117654,David Sterne
1834,Shirley Henderson
23532,Jason Bateman
49921,Darrell Foster
8602,Alice Braga
6066,Dash Mihok
164094,Marin Ireland
1282,David Kelly
1285,AnnaSophia Robb
1294,Missi Pyle
1292,James Fox
17354,Todd Boyce
47712,Mark Heap
10872,Patton Oswalt
6197,Brian Dennehy
11390,Peter O'Toole
21197,Janeane Garofalo
3897,Katie Holmes
585,Rutger Hauer
534,Mark Boone Junior
3900,Linus Roache
3902,Sara Stewart
3901,Richard Brake
1257821,Vincent Wong
39681,Stephen Walters
10657,Shane Rimmer
1226707,John Judd
1214974,Mark Smith
7399,Ben Stiller
9575,Jada Pinkett Smith
14409,David Schwimmer
2632,Chris Rock
5726,Cedric the Entertainer
28637,Andy Richter
109561,Sherri Shepherd
82092,Will.i.am
64445,Elisa Gabrielli
89819,Zachary Gordon
111875,Al Roker
16846,Harland Williams
5587,Hank Azaria
2157,Robin Williams
13524,Christopher Guest
4581,Steve Coogan
17835,Ricky Gervais
19498,Jon Bernthal
1428580,Crystal the Monkey
17837,Patrick Gallagher
85757,Joe Jonas
15661,Clint Howard
26510,Eugene Levy
23626,Liev Schreiber
1205880,James D. Dever
78110,Scott Adkins
530,Carrie-Anne Moss
2192,Lambert Wilson
9462,Randall Duk Kim
9466,Matt McColm
6195,Harold Perrineau
40462,Kristen Bell
54415,Josh Gad
74573,Robert Pine
39214,Nick Jameson
33449,Essie Davis
2128,Leigh Whannell
2516,Anthony Zerbe
524,Natalie Portman
56614,Ray Stevenson
14343,Rene Russo
52852,Kat Dennings
40477,Chris O'Dowd
59117,Angus Sampson
12647,Armin Mueller-Stahl
74487,David Pasquesi
28413,Carmen Argenziano
43461,Endre Hules
6701,Norbert Weisser
27570,Anna Katarina
270,Adriana Barraza
8891,John Travolta
76594,Miley Cyrus
56890,Malcolm McDowell
19974,Greg Germann
5727,Diedrich Bader
32907,Nick Swardson
56903,Tracy Morgan
58225,Zach Galifianakis
17442,Kelli Garner
63231,Niecy Nash
84848,Loudon Wainwright III
1367499,Troy Robinson
25616,Edgar Ram?rez
10882,Rosamund Pike
1160,Michelle Pfeiffer
17183,Jackie Earle Haley
9012,Jonny Lee Miller
234982,Bella Heathcote
10207,William Hope
10182,Ving Rhames
16702,Sean Harris
1196960,Alec Utgoff
400,Geraldine Chaplin
4756,Matthew Broderick
9657,Patrick Warburton
52119,Megan Mullally
9626,Rip Torn
13309,Oprah Winfrey
1211,Larry Miller
34983,Tress MacNeille
11477,Ray Liotta
982,Sting
4483,Dustin Hoffman
140,Lucy Liu
212,David Cross
20904,James Hong
62862,Danny McBride
15111,Jean-Claude Van Damme
84215,Jackson Rathbone
76788,Dev Patel
7248,Cliff Curtis
11614,M. Night Shyamalan
8289,Billy Crudup
11705,Michelle Monaghan
21045,Maggie Q
84497,Aaron Paul
28633,Richard Jenkins
4512,James Woods
22125,Jimmi Simpson
58168,Rachelle Lefevre
129101,Lance Reddick
4177,Jake Weber
58873,Dan Fogler
33654,Breckin Meyer
16857,Tom Everett Scott
13924,Mindy Sterling
1003,Jean Reno
6199,Miriam Margolyes
108916,Rooney Mara
71070,Amanda Seyfried
43547,Nonso Anozie
15232,Ty Burrell
42160,Ariel Winter
19,Allison Janney
475512,Ellie Kemper
537,Stephen Tobolowsky
41087,Leslie Mann
14639,Mel Brooks
8783,Eric Bana
1248,Brian Cox
9824,Diane Kruger
9825,Saffron Burrows
1666,Julie Christie
940,John Shrapnel
740,Julian Glover
519,Martin Short
3627,Paz Vega
517,Pierce Brosnan
10884,Will Yun Lee
10885,Kenneth Tsang
263,Emilio Echevarr?a
5414,Colin Salmon
3125,Madonna
55536,Melissa McCarthy
4391,Charles Dance
39390,Michael Kenneth Williams
1271,Andy Garc?a
59841,Matt Walsh
42157,Ed Begley Jr.
464993,Zach Woods
127048,Nate Corddry
18271,Toby Huss
1219121,Jamie Denbo
54720,Steve Bannos
8874,Ernie Hudson
12208,Ozzy Osbourne
110743,Stephen Boss
20,Elizabeth Perkins
62,Bruce Willis
879,Billy Bob Thornton
882,Liv Tyler
883,Will Patton
53,Peter Stormare
236327,Ken Hudson Campbell
65827,Keith David
10017,Charlton Heston
62842,Eddie Griffin
6465,Grace Zabriskie
58950,Greg Collins
15253,Stanley Anderson
1646,Udo Kier
103833,John Aylward
9258,Steven Ford
41517,Christian Clemenson
2138,Shawnee Smith
154883,Bodhi Elfman
93846,Googy Gress
19208,Matt Malloy
6684,Lara Flynn Boyle
9656,Johnny Knoxville
37008,Michael Bailey Smith
17005,Doug Jones
37157,Lenny Venito
88950,Joel McKinnon Miller
8291,Alison Lohman
36055,Costas Mandylor
11661,Kate Hudson
4201,Wayne Knight
4939,T?a Leoni
25849,Richard Burgi
31714,Stacey Travis
52794,David Herman
7676,William Atherton
3417,Tony Goldwyn
91662,Ken Bones
743,Kevork Malikyan
29068,Ben Cross
1920,Winona Ryder
80602,Tyler Perry
129661,Bob Clendenin
146004,Marlene Forte
938390,William Morgan Sheppard
3033,Wil Wheaton
6944,Octavia Spencer
19468,Gerry Becker
154644,Una Damon
21380,Larry Joshua
956719,Tim DeZarn
168872,Jesse Heiman
12795,Nikolaj Coster-Waldau
17328,Rufus Sewell
10860,Jessica Biel
9880,Sam Shepard
12206,Richard Roxburgh
21042,Ebon Moss-Bachrach
50463,Malin ?kerman
1247,Matthew Goode
40009,Matt Frewer
42708,Rob LaBelle
3909,Gary Houston
583061,Michael Kopsa
80353,Ted Friend
13645,Danny Woodburn
2461,Mel Gibson
4517,Joe Pesci
8400,Kim Chan
14328,Steve Kahan
113506,Bob Jennings
23967,Mary Ellen Trainor
6161,Jennifer Connelly
1733,Nick Nolte
1989,Celia Weston
972356,Luke Bracey
150,RZA
11827,DeRay Davis
4787,Joseph Mazzello
3905,William H. Macy
1120,Lennie James
114674,Glynn Turman
109383,Clint Dyer
8979,Patrick Malahide
2203,Neal McDonough
15543,Derek Luke
10701,Simon Kunz
108620,Amanda Walker
18023,Robert Carlyle
9205,Denise Richards
9906,Desmond Llewelyn
4455,Ulrich Thomsen
41379,Omid Djalili
1329,Billy Boyd
7025,Richard McCabe
59081,David Threlfall
43299,John DeSantis
84214,Taylor Lautner
56857,Peter Facinelli
53755,Elizabeth Reaser
45827,Ashley Greene
34502,Kellan Lutz
59252,Nikki Reed
21029,Billy Burke
501,Dakota Fanning
83356,Jamie Campbell Bower
11825,Maggie Grace
57578,MyAnna Buring
32887,Christopher Heyerdahl
29234,Joe Anderson
80352,Noel Fisher
17859,Wendell Pierce
63522,Sof?a Vergara
57829,Anthony LaPaglia
819,Edward Norton
3129,Tim Roth
1462,Tim Blake Nelson
87575,Arnold Pinnock
41089,Martin Starr
76528,Tony Nappo
40900,Mark Rylance
1249,Penelope Wilton
28847,Rafe Spall
61187,Daniel Bacon
110902,?lafur Darri ?lafsson
58804,Gabrielle Rose
93210,Domhnall Gleeson
220448,Paul Anderson
32205,Brendan Fletcher
454,Michael Pe?a
40481,Luis Guzm?n
19767,Snoop Dogg
222121,Ben Schwartz
17140,Abigail Breslin
18082,Timothy Olyphant
12041,Julia Stiles
11064,David Strathairn
349,Scott Glenn
14887,Paddy Considine
11148,Joan Allen
23608,Colin Stinton
22297,Kyle Gass
61409,Laura Kightlinger
3392,Michael Douglas
74541,Corey Stoll
21127,Bobby Cannavale
76126,T.I.
65829,Wood Harris
42993,Martin Donovan
78885,Jim R. Coleman
77069,Lenny Kravitz
8792,Lynn Cohen
99,Amanda Plummer
427,Sandra Ellis Lafferty
41019,Wilbur Fitzgerald
41020,E. Roger Mitchell
990136,Judd Lormand
5374,Jim Parsons
67773,Steve Martin
16866,Jennifer Lopez
502,Miranda Otto
503,Justin Chatwin
75604,Yul Vazquez
4494,Lisa Ann Walter
53184,Rick Gonzalez
39388,Amy Ryan
31132,Columbus Short
78029,Martin Lawrence
31384,Jordi Moll?
17773,Gabrielle Union
4604,Theresa Randle
532,Joe Pantoliano
9290,Henry Rollins
20562,Antoni Corone
77351,Oleg Taktarov
1286269,Ron Madoff
53573,Olek Krupa
10379,Victor Slezak
110742,Tika Sumpter
33235,Logan Lerman
1173,Mark Margolis
168877,Finn Wittrock
6696,Mark Ivanir
1371,David Wenham
53023,David Gulpilil
12536,Jack Thompson
2598,Sophie Okonedo
62562,David Denman
77517,Isabelle Fuhrman
61962,D. B. Sweeney
15531,Ossie Davis
7133,Max Casella
17265,Hayden Panettiere
25654,Julianna Margulies
23709,Joan Plowright
221581,Rebel Wilson
61303,Dick Van Dyke
1937,Mickey Rooney
221018,Dan Stevens
8263,Andrea Martin
23659,Will Ferrell
56323,Tina Fey
15009,Justin Theroux
15033,Justin Long
52997,Rob Corddry
194,Richard Harris
10985,Ian Hart
10987,Verne Troyer
58778,Nina Young
10655,Leslie Phillips
143240,Julianne Hough
18248,Mary-Louise Parker
87192,Mike O'Malley
11516,Devin Ratray
188049,Lonnie Farmer
13028,Nicholas Pryor
155077,Stevie Ray Dallimore
2405,Audrey Tautou
920,J?rgen Prochnow
17289,Rodrigo Santoro
60255,Jake T. Austin
13299,Rita Moreno
52775,Kristin Chenoweth
41798,George Lopez
1178792,Jason Harris
118752,Natalie Morales
10697,Alan Cumming
52374,Bruce Davison
11024,Kelly Hu
77222,Aaron Douglas
22462,Joaquim de Almeida
37149,Luis Da Silva Jr.
8170,Eva Mendes
17521,Kelly Reilly
84865,William Houston
659,Wolf Kahler
53714,Rachel McAdams
1019,Mads Mikkelsen
37168,Hans Matheson
766,Ashraf Barhom
946696,Ian Whyte
4513,Elizabeth McGovern
115150,Kaya Scodelario
2957,Alexander Siddig
4430,Sharon Stone
10768,Rachel Ticotin
780,Ronny Cox
3041,Marshall Bell
12888,Roy Brocksmith
12889,Ray Baker
16180,Robert Picardo
19903,Richard Bremmer
6200,Diane Venora
5004,Omar Sharif
18917,Erick Avari
825,Stacy Keach
118937,Dennis Boutsikaris
126713,Elizabeth Marvel
5577,Chris O'Donnell
139,Uma Thurman
5588,Alicia Silverstone
3798,Pat Hingle
5589,John Glover
11870,Christine Baranski
15034,Jeremy Howard
6067,Jay O. Sanders
6069,Austin Nichols
6071,Sasha Roiz
6074,Kenneth Welsh
2683,Glenn Plummer
14331,Nestor Serrano
129419,Richard Zeman
43612,Christian Tessier
15336,Dougray Scott
15338,William Mapother
10862,Dominic Purcell
15340,Nicholas Bell
4029,Bob Gunton
1161,Mary Elizabeth Mastrantonio
16861,John Hawkes
1956,Cherry Jones
4443,Christopher McDonald
34407,Rusty Schwimmer
58620,Joseph D. Reitman
56731,Jessica Alba
19654,Michael Chiklis
11703,Kerry Washington
20405,Brian Posehn
7471,Zach Grenier
58393,Crystal Lowe
16927,G?rard Depardieu
10825,Donal Logue
8949,Peter Fonda
227454,Alicia Vikander
1925,Vincent Cassel
5377,Ato Essandoh
121718,Bill Camp
53963,Robert Stanton
202930,Anthony Molinari
69597,Drew Barrymore
418,Robert Patrick
3416,Demi Moore
14407,Matt LeBlanc
36422,Luke Wilson
10866,Eric Bogosian
5694,Robert Forster
130253,Logan Marshall-Green
30082,Benedict Wong
521,Michael J. Fox
16935,Geena Davis
67778,Jonathan Lipnicki
78729,Nathan Lane
29369,Melanie Griffith
1038,Jodie Foster
8688,Diego Luna
20191,Jose Pablo Cantillo
33348,Adrian Holmes
67978,Ona Grauer
11677,Terry Chen
10680,Talisa Soto
18461,Nick Chinlund
37260,Abbie Cornish
49971,Jennifer Ehle
56457,Aimee Garcia
46593,Emile Hirsch
6886,Christina Ricci
4038,Susan Sarandon
53368,Scott Porter
6487,Richard Roundtree
11953,Benno F?rmann
514,Jack Nicholson
17941,Domenick Lombardozzi
61111,Tara Subkoff
17142,Paul Dano
46772,Marc Blucas
3211,Dale Dye
42200,Lennie Loftin
127558,Andrea Riseborough
6832,Melissa Leo
20494,Zo? Bell
1158069,John L. Armijo
17244,Hayden Christensen
27762,Ian McDiarmid
6,Anthony Daniels
130,Kenny Baker
24343,Peter Mayhew
33197,Ahmed Best
20806,Silas Carson
33185,Jeremy Bulloch
15152,James Earl Jones
5563,James Coburn
7906,Jennifer Tilly
70615,Rodger Bumpass
7911,Joe Ranft
28641,Terence Stamp
1769,Sofia Coppola
9139,Celia Imrie
33399,Bronagh Gallagher
2229,Catherine Keener
9599,Cloris Leachman
54729,Clark Duke
11315,Noah Emmerich
2224,Christian Slater
1518,Frances O'Connor
26291,Martin Henderson
47632,Rob Brydon
121606,Robert Portal
1213573,Taran Killam
17194,Chance Kelly
18277,Sandra Bullock
228,Ed Harris
31511,Grant Heslov
23975,Lee Garlington
6916,Peter Jason
350,Laura Linney
54043,Gary Anthony Williams
996701,Miles Teller
135651,Michael B. Jordan
38951,Reg E. Cathey
198,Dan Castellaneta
31528,Wayne P?re
172734,Don Yesso
17840,Charlie Murphy
109513,Alexandra Daddario
128645,Archie Panjabi
12207,Kylie Minogue
10742,Teri Hatcher
10743,Ricky Jay
10671,Joe Don Baker
3418,Vincent Schiavelli
7031,Julian Rhind-Tutt
742,Michael Byrne
36666,Pip Torrens
19923,Hugh Bonneville
74056,Brendan Coyle
20810,Joely Richardson
10698,Tch?ky Karyo
2059,Adam Baldwin
20814,Gregory Smith
4940,Trevor Morgan
1922,Catherine Zeta-Jones
1204,Julia Roberts
1894,Scott Caan
1895,Carl Reiner
1898,Eddie Jemison
827,Elliott Gould
1924,Jeroen Krabb?
4937,Vince Vaughn
11702,Adam Brody
94185,Shailene Woodley
587020,Theo James
1159982,Ansel Elgort
327,Mekhi Phifer
15852,Ashley Judd
928575,Jonny Weston
21278,Alan Alda
36801,Adam Scott
11154,Matt Ross
4432,Frances Conroy
4171,Stanley DeSantis
52995,Edward Herrmann
38529,Yves Jacques
41088,Jason Segel
55466,James Corden
25095,Stewart Scudamore
28477,Jonathan Aris
820,Edward Furlong
587,Edward James Olmos
124644,Analeigh Tipton
17286,Lena Headey
85065,Jack O'Connell
17290,Andrew Tiernan
41686,Neil Patrick Harris
34195,Jayma Mays
13593,Jonathan Winters
111455,Katy Perry
61110,Fred Armisen
5129,Paul Reubens
96228,Gary Basaraba
77330,Kenan Thompson
12223,Joel McCrary
31365,John Kassir
1811,Randy Quaid
59196,Joe Flaherty
62846,Charlie Dell
8447,Jeff Daniels
3982,Xander Berkeley
27267,Rebecca Pidgeon
8986,James Rebhorn
30488,Miguel Sandoval
65920,J.B. Smoove
35806,Shaquille O'Neal
12261,Jason Patric
13023,Colleen Camp
130640,Hailee Steinfeld
57412,Mois?s Arias
1116011,Han Soto
17628,Mary Elizabeth Winstead
19303,Kevin Smith
110,Viggo Mortensen
655,John Rhys-Davies
1328,Sean Astin
3547,Ian McNeice
27822,David Ryall
62831,Will Forte
60949,Rob Schneider
16214,Mario Van Peebles
34,Mykelti Williamson
55259,Paul Rodr?guez
14888,Bruce McGill
8689,Barry Shabaka Henley
65141,Laurence Mason
2390,LeVar Burton
8354,Albert Hall
5150,Kim Robillard
86573,Eddie Bo Smith Jr.
36091,Christian Stolte
35654,Spencer Breslin
11164,Kelly Preston
59401,Amy Hill
18354,Bridget Moynahan
8687,Chi McBride
176695,Sharon Wilkins
4004,Jeffrey Jones
35517,Connie Ray
1535,Brian Doyle-Murray
14833,Harold Gould
9046,Chazz Palminteri
9257,Bruno Kirby
58563,David Alan Grier
15563,Anika Noni Rose
52885,Ritchie Montgomery
35219,Corey Burton
119589,Donald Glover
111513,Yvette Nicole Brown
62595,Mary Pat Gleason
156962,Eric Stonestreet
6449,Warren Beatty
3092,Diane Keaton
18892,Goldie Hawn
1533,Andie MacDowell
40279,Jenna Elfman
15012,Katharine Towne
3087,Robert Duvall
1582,James Duval
73421,Joaquin Phoenix
935,Connie Nielsen
2478,Tommy Flanagan
4012,Spencer Treat Clark
15196,David Hemmings
20761,Sven-Ole Thorsen
78018,Allan Corduner
1207203,James Fiddy
2207,Lois Smith
2202,Steve Harris
2208,Kathryn Morris
95604,Daniel London
14950,Jim Norton
10917,Simon Abkarian
4812,Isaach De Bankol?
29930,Ivana Mili?evi?
10823,Kris Kristofferson
3952,Kevin Grevioux
3978,S. Epatha Merkerson
27530,Don Lake
33501,Mark Christopher Lawrence
22290,Leelee Sobieski
785,James Russo
10822,Stephen Dorff
51792,Rory Cochrane
1953,Casey Siemaszko
40543,John Ortiz
52647,Shawn Hatosy
3127,Lili Taylor
5292,Denzel Washington
40377,Roger Guenveur Smith
57997,Malcolm Goodwin
15532,Ruby Dee
23346,Armand Assante
18472,Kevin Corrigan
20388,KaDee Strickland
4253,Jon Polito
4886,Norman Reedus
79419,Eddie Rouse
45566,Roger Bart
11397,Ric Young
206398,John Cenatiempo
15864,Clarence Williams III
8944,Jamie Lee Curtis
74036,Tom Arnold
13445,Tia Carrere
13446,Eliza Dushku
4691,James Gandolfini
18313,Michael Rispoli
21179,John Benjamin Hickey
53923,Aunjanue Ellis
100703,Ty Jones
380,Robert De Niro
10400,Barbra Streisand
10399,Teri Polo
10401,Blythe Danner
1037,Harvey Keitel
4784,Laura Dern
71403,Rob Riggle
15110,Brooke Shields
8256,Anne Heche
80595,Rob Huebel
41662,Lindsay Sloane
4810,Rosie Perez
3085,James Caan
27011,Vanessa Williams
60023,Joe Viterelli
21366,Roma Maffia
4766,Melora Walters
33658,Skipp Sudduth
27740,Walton Goggins
1133063,Dana Gourrier
25129,Don Johnson
20354,Amber Tamblyn
6905,Bruce Dern
2234,Michael Bowen
62036,Robert Carradine
87312,James Parks
11161,Tom Savini
2536,Michael Parks
138,Quentin Tarantino
60874,Dane Rhodes
16937,Rex Linn
2141,Ned Bellamy
59844,Omar J. Dorsey
21484,Todd Allen
16459,John McConnell
3999,Tom Hulce
65598,Tony Jay
1206,Jason Alexander
28010,David Ogden Stiers
34398,Bill Fagerbakke
60950,David Spade
70243,Eartha Kitt
61980,Wendie Malick
16483,Sylvester Stallone
16644,Dolph Lundgren
53256,Terry Crews
21180,Justin Bartha
24291,Annie Parisse
1236,Mark Pellegrino
19497,Armando Riesco
79025,Don McManus
85170,Ron Canada
7055,Sienna Guillory
2629,Alun Armstrong
480,Gary Lewis
54470,Lauren Ambrose
11514,Catherine O'Hara
2178,Forest Whitaker
5953,Spike Jonze
58224,Jason Sudeikis
86626,Aziz Ansari
14386,Beyonc? Knowles
52860,Judah Friedlander
31006,Troy Evans
782,Steven Berkoff
55364,Steven Robertson
5168,Gabriel Byrne
7166,Kevin Pollak
17346,Robin Tunney
522,Rod Steiger
1756,Stephen Collins
3026,Rob Reiner
1211946,P. J. Byrne
34901,Joanna Lumley
134235,Jake Hoffman
824,Ethan Suplee
4003,Christine Ebersole
1223718,Rizwan Manji
77264,Ashlie Atkinson
152864,Steve Witting
1553308,London Hall
130843,Rosemary Howard
5578,Debi Mazar
4887,Joe Grifasi
2133,Dina Meyer
28410,Jake Busey
41688,Seth Gilliam
23970,Denise Dowse
20189,Amy Smart
38941,Jim Sturgess
3291,Hugh Grant
56100,Alistair Petrie
176191,Andrew Havill
4783,Sam Neill
4589,Benjamin Bratt
24357,Alex Borstein
57748,Byron Mann
12055,John Cassini
75532,Benita Ha
12763,Joseph Fiennes
3064,Peter Mullan
11076,David Hyde Pierce
7486,Michael Wincott
24368,Roscoe Lee Browne
2463,Patrick McGoohan
8316,Michael McShane
58016,Anna Friel
62863,Jorma Taccone
75633,Bobb'e J. Thompson
54728,Brian Huskey
10814,Wesley Snipes
2055,Robert Davi
101615,Frank Pesce
6474,James Le Gros
41883,Max Thieriot
6213,Jamie Kennedy
119783,Joseph Mawle
20425,Donald Sumpter
12217,Jay Mohr
1039,Peter Boyle
4521,Burt Young
2230,Pam Grier
7796,Illeana Douglas
17141,Greg Kinnear
53480,Khalid Abdalla
856,Ben Gazzara
7427,Felicity Huffman
18041,Oded Fehr
11856,Daniel Day-Lewis
20243,Roger Ashton-Griffiths
37947,Lawrence Gilliard Jr.
9976,Henry Thomas
8224,Alec McCowen
2617,Cara Seymour
26657,David Bamber
26860,John Sessions
15684,Paul Schneider
11664,Zooey Deschanel
53926,Jon Heder
73931,Bette Midler
16165,Jon Lovitz
60021,Christopher Evan Welch
19978,Jason Kravits
12791,Hugh Dancy
12792,Brian Van Holt
10000,Gregory Sporleder
2839,Brendan Sexton III
12801,Razaaq Adoti
12260,Ron Eldard
32597,Dylan McDermott
169337,Katherine LaNasa
63,Milla Jovovich
7400,Lee Evans
12642,John Neville
2406,Mathieu Kassovitz
33403,Mac McDonald
8445,Michael Culkin
15740,Tim McMullan
17072,Sam Douglas
520,Sarah Jessica Parker
38025,Kristin Davis
38024,Cynthia Nixon
2109,Kim Cattrall
38026,Chris Noth
1542,Willie Garson
21942,Max Ryan
38405,John Corbett
2144,Tobin Bell
5723,John Leguizamo
15757,Ray Romano
57599,Seann William Scott
15758,Queen Latifah
74688,Keke Palmer
15760,Josh Peck
62106,Michael Jenn
56101,Gerard Horan
36592,Saoirse Ronan
11486,Michael Imperioli
105727,Jake Abel
13,Albert Brooks
6168,Austin Pendleton
1370,Brad Dourif
58319,Jason Scott Lee
2250,Eric Keenleyside
27124,Gerard Plunkett
20508,Iain Glen
6614,Cole Hauser
74302,Cory Hardrict
17421,Wallace Langham
85419,Dylan Kenin
4941,Alessandro Nivola
17413,Julio Oscar Mechoso
76792,Freida Pinto
5892,David Hewlett
70175,Chelah Horsdal
8197,Sebastian Koch
230400,Radivoje Bukvi?
88059,Tommy Davidson
177905,Joe Stevens
8977,Craig T. Nelson
11662,Jason Lee
7430,Elizabeth Pe?a
7868,Maury Chaykin
1166,Harris Yulin
2479,Rupert Vansittart
53336,Brandon T. Jackson
25972,Melina Kanakaredes
999790,Alexis Knapp
21430,Natassia Malthe
82791,Valerie Tian
987572,Zane Holtz
9629,Jon Gries
6751,Siobhan Fallon
443770,John Alexander
518,Danny DeVito
4728,Kevin Chapman
37204,David Warshofsky
170145,Jeff Hochendoner
1128450,Patrick McDade
1339,Zhang Ziyi
41901,Roselyn S?nchez
2958,Diana Scarwid
19957,Wendy Crewson
38425,Amber Valletta
1772,Anna Faris
62861,Andy Samberg
448309,Liz Cackowski
4090,Shirley MacLaine
2228,Sean Penn
24367,John Forsythe
6473,Kelly Lynch
13472,Tim Curry
36423,Tom Green
36424,LL Cool J
9996,Sean Whalen
21657,Vera Farmiga
2482,David O'Hara
2257,Terry Serpico
58333,Tom Kemp
1371552,Jeffrey Corazzini
118641,Stream
1535492,Shawn Fogarty
928638,John Franchi
23915,Pat Morita
7420,Harvey Fierstein
1752,George Takei
16183,Gedde Watanabe
77897,Tyra Banks
15286,Christine Taylor
33259,Jennifer Love Hewitt
8186,Miko Hughes
1752319,Becca Sweitzer
5725,Goran Visnjic
6104,Julian Sands
6804,Graham Greene
34395,Kevin Chamberlin
63362,Ned Dennehy
1266585,James Greene
54738,Jack Huston
16896,James Garner
4251,John Mahoney
161860,Don Novello
34985,Cree Summer
98285,Bella Thorne
5661,Matthew Gray Gubler
49915,Jesse McCartney
18979,Christina Applegate
25147,Tony Hale
38334,Jennifer Coolidge
23229,Carice van Houten
7803,Christian Berkel
53917,Danny Webb
47628,Julian Morris
19292,Adam Sandler
59192,Emmanuelle Chriqui
53647,Lainie Kazan
66072,Michael Buffer
58478,Kevin Nealon
53684,Robert Smigel
5621,John Farley
75344,Barry Livingston
1089394,Ray Garvey
1202533,Seth Howard
32895,Kevin James
31903,Henry Winkler
13636,Jane Krakowski
60959,Jackie Sandler
166029,Dan Patrick
98394,Affion Crockett
60961,Jared Sandler
92777,Tucker Smallwood
20818,Allen Covert
1202534,Sadie Sandler
1129795,Annika Pergament
1271681,Sunny Sandler
58477,Jonathan Loughran
23679,Billy West
9640,Haley Joel Osment
8213,Sam Robards
5064,Meryl Streep
60633,Kevin Sussman
35521,Matt Winston
91030,Michael Mantell
1214402,Brian Turk
27631,Nathaniel Parker
56567,Dina Spybey-Waters
4139,Tom Skerritt
148122,Geoffrey Blake
2879,Rob Lowe
14991,Jay Leno
6908,Marc Macaulay
945062,Ming Lo
1951,Elisabeth Shue
21165,Kim Dickens
25702,Rhona Mitra
9998,Joey Slotnick
22821,David Zayas
34257,Anthony Stewart Head
1844,Til Schweiger
20523,Ronan Vibert
54697,Dave Franco
51988,Lizzy Caplan
5411,Sanaa Lathan
84227,Justine Wachsberger
2462,Catherine McCormack
8435,Stephen Dillane
17353,Matthew Marsh
17355,Michael Paul Chan
17356,Garrick Hagon
44079,Charlotte Rampling
3035,Jerry O'Connell
12978,Peter Outerbridge
21215,Elise Neal
20188,Lynda Boyd
55426,Robert Bailey Jr.
62067,Carlos Ponce
23504,Kiersten Warren
11367,Bradley Whitford
12930,Gaby Hoffmann
3911,John Carroll Lynch
59300,Marcello Thedford
1188456,James MacDonald
8985,Margaret Colin
2049,Rub?n Blades
4515,Treat Williams
14312,Mitchell Ryan
11317,Natascha McElhone
78597,Rob McElhenney
14324,Joss Ackland
41742,Ravil Isyanov
14886,Craig Bierko
14892,Rosemarie DeWitt
14902,Nicholas Campbell
65808,Fulvio Cecere
20196,Boyd Banks
10210,Daniel Kash
229,Peter MacNeill
42308,Beau Starr
166529,Philip Craig
20766,Richard E. Grant
8692,Eddie Jones
9994,Helen Hunt
2394,Alan Ruck
5010,Todd Field
4654,Jeremy Davies
57674,Alexa PenaVega
12538,Nick Searcy
328,Brittany Murphy
679,Franka Potente
32458,Gabriel Mann
60118,John Bedford Lloyd
10841,Karel Roden
925,Paul Guilfoyle
923,Dean Stockwell
37205,David Vadim
53249,Michael Monks
6580,Brian Libby
1402117,Kerry Rossall
81295,Shane West
974,Dexter Fletcher
77948,Selena Gomez
51382,Chris Parnell
34982,Jeff Bennett
936403,Stephen Rider
10580,Tracie Thoms
41043,Tim McInnerny
196179,Stephen Henderson
14548,Marcia Jean Kurtz
130782,Jessica Szohr
3265,Eli Wallach
12833,Edward Burns
27855,Shannyn Sossamon
49265,Lindsay Lohan
193,Gene Hackman
9788,Regina King
14344,Stuart Wilson
11628,Loren Dean
4765,Jason Robards
28004,Brian Markinson
31007,John Capodice
28033,Arthur J. Nascarella
1216752,Frank Medrano
12931,Rita Wilson
35236,Hunter Parrish
35028,Zoe Kazan
4496,Nora Dunn
27545,Bruce Altman
105641,James Patrick Stuart
62597,Peter MacKenzie
6321,Valente Rodriguez
1158,Al Pacino
6913,Ellen Barkin
19839,David Paymer
1763429,Amber Hay
18976,Ashton Kutcher
23959,Debra Messing
10489,Jack McGee
131725,William Lucking
1164,F. Murray Abraham
1735,Frank McRae
119232,Tom Noonan
5401,Anthony Quinn
10360,Robert Prosky
20751,Bridgette Wilson
54812,Chevy Chase
26485,Jim Belushi
643,Gong Li
17342,Paul Adelstein
24200,Leonardo Nam
52605,Eva Longoria
2065,David Schneider
4174,Claire Forlani
4726,Marcia Gay Harden
35515,June Squibb
53280,Tyler Posey
97944,J. Kenneth Campbell
13657,Jsu Garcia
6355,Roy Scheider
4431,Jessica Lange
8875,David Margulies
112561,Lily Collins
51544,Mare Winningham
207881,Kwasi Songui
39995,Michael Cera
18793,Kieran Culkin
84223,Anna Kendrick
17486,Alison Pill
17881,Jason Schwartzman
52404,Mae Whitman
60073,Brie Larson
4451,Mark Webber
2681,Erik Knudsen
43464,John Patrick Amedori
11155,Thomas Jane
448,Hilary Swank
132078,DJ Qualls
963962,Fred Keating
54421,Janet Jackson
16662,Richard Gant
54800,Anna Maria Horsford
59019,Jamal Mixon
1534,Chris Elliott
33260,Freddie Prinze Jr.
11863,Sarah Michelle Gellar
26457,Matthew Lillard
10730,Rowan Atkinson
74354,"Miguel A. N??ez, Jr."
52442,Olivia Thirlby
28238,David Hasselhoff
55775,Katie Cassidy
32905,Rachel Dratch
62784,Billy Slaughter
11066,Hal Holbrook
11782,Adrienne Barbeau
7633,Leslie Nielsen
5249,E.G. Marshall
12836,Ted Danson
104046,Bingo O'Malley
11784,Tom Atkins
10222,Roger Moore
81097,Shawn Roberts
11826,Selma Blair
10843,Luke Goss
52139,Seth MacFarlane
12359,Brian Steele
11085,Anthony Edwards
2838,Chlo? Sevigny
20212,Dermot Mulroney
20387,Clea DuVall
83873,June Diane Raphael
6163,Adam Goldberg
17449,Bob Stephenson
7472,Richmond Arquette
4688,Michael Rapaport
4491,Jennifer Aniston
131772,Amin Joseph
15319,Henry Czerny
15320,Marcel Iure?
10849,Marek Va?ut
2880,Emilio Estevez
26782,Mark Houghton
23498,Alexander Ludwig
51456,Rhoda Griffis
1785189,Kate Kneeland
142374,Sharon Conley
80757,Mike Tyson
61182,Gillian Vigman
78320,Bryan Callen
1748,William Shatner
58955,Kevin McDonald
37934,Andr? Benjamin
2222,Beau Bridges
12150,Maximilian Schell
1980,Mary McCormack
56871,Blair Underwood
1270,Charles Martin Smith
2115,Kurtwood Smith
59039,Mitchell Mullen
58169,Vlasta Vr?na
16475,Burt Reynolds
32897,Nicholas Turturro
135352,Kevin Nash
135353,Conrad Goode
63238,Brandon Molale
21523,Ed Lauter
14405,Courteney Cox
1219901,Colin Quinn
51857,Tim Meadows
20819,Peter Dante
16501,Milo Ventimiglia
1903,Alan Arkin
28638,David Koechner
1276,Patricia Clarkson
11902,Robin Bartlett
61510,Christopher Denham
82631,Joseph Sikora
1588593,Dan Marshall
5606,Sissy Spacek
2453,Mary Steenburgen
20309,Dwight Yoakam
59450,Katy Mixon
63235,Cedric Yarbrough
29220,Amanda Bynes
11150,Gina Gershon
3907,Harve Presnell
59919,Russell Brand
28639,Carmen Electra
73456,Lorna Scott
62100,Robert Harvey
1202550,Danni Katz
10431,Jennifer Jason Leigh
19977,Liam Aiken
3636,Paul Newman
36093,Peggy Roeder
54479,Bailee Madison
96625,Minka Kelly
17782,Colm Meaney
4169,Dave Chappelle
11160,Danny Trejo
9276,Steve Eastin
2140,Monica Potter
10963,Jos? Z??iga
6806,Doug Hutchison
116774,David Ramsey
42824,Carl Ciarfalio
34839,Kevin Gage
58019,Ethan Embry
1907,Kathy Baker
343,Taryn Manning
49835,Tom Aldredge
3130,Jennifer Beals
2887,Tom Waits
333,Evan Jones
105786,Arron Shiver
10361,Raymond J. Barry
21474,Leslie Stefanson
12519,Virginia Madsen
41293,Marian Seldes
16407,Roger Rees
2296,Clive Owen
60205,John Rothman
85613,Juan Riedinger
109438,Xavier Samuel
1044,Michael Chapman
16119,Charles Napier
2680,Donnie Wahlberg
105648,Nat Faxon
38225,Cher
62066,Faizon Love
13920,Mimi Rogers
69122,Heather Graham
22082,Lacey Chabert
9126,Edward Fox
55314,Kimberly Elise
2310,Bruno Ganz
43366,Ann Dowd
8693,Jude Ciccolella
59254,Pablo Schreiber
52057,Obba Babatund?
61607,Adam LeFevre
649,Vernon Dobtcheff
8227,Anna Massey
17039,Nick Offerman
56159,Dana Carvey
58317,Chris Kattan
14730,Angela Lansbury
17787,Phyllida Law
18270,Orlando Jones
5471,Naveen Andrews
3283,Margaret Travolta
982098,Nick Loren
7372,Pedro Armend?riz Jr.
34842,Tony Amendola
18750,Annabella Sciorra
5148,Lucinda Jenney
4687,Patricia Arquette
21731,Michael McKean
60953,Erinn Bartlett
516,Annette Bening
8262,L.Q. Jones
42335,Kathleen Wilhoite
8329,Radha Mitchell
80758,Boris Kodjoe
22133,Jack Noseworthy
6486,Dan Hedaya
21320,Danielle Harris
109046,Tiya Sircar
14700,Richard Tyson
58691,Heather Locklear
3140,Marc Lawrence
102441,Dick Miller
102429,Roger Corman
34597,Kevin McCarthy
100552,Mary Woronov
26491,Vernon Wells
67524,Leo Rossi
33017,Allan Graf
86434,Joe Alaskey
143244,Tanee McCall
1223005,Brandon Henschel
18291,Larenz Tate
1473,Daniel von Bargen
127070,Brian Anthony Wilson
43858,Ryan Hurst
21104,Glenne Headly
225610,Joseph Gilgun
1284159,Simon Baker
12021,Mia Farrow
7487,David Bowie
7059,Heike Makatsch
70456,Emily Browning
51989,Jessica Lucas
6165,Anthony Rapp
6166,Jason Gray-Stanford
6181,Josh Pais
84115,Jason Weaver
16060,Brian Tochi
67599,Vanessa Hudgens
106730,Branscombe Richmond
1639,Emily Watson
16293,Anthony Heald
13936,Frankie Faison
11805,Frank Whaley
7862,Floyd Red Crow Westerman
239574,Eugenio Derbez
77075,Norm Macdonald
6278,Devon Aoki
8177,Michael Ealy
4971,Bud Cort
18177,Andr? Dussollier
18325,Jeremy Northam
5047,Veronica Cartwright
15555,Piper Perabo
93015,Drena De Niro
52849,Louis C.K.
55638,Kevin Hart
500427,Hannibal Buress
15762,Tara Strong
61983,Jason Marsden
738,Sean Connery
82410,Terry O'Neill
1581,Mary McDonnell
18688,Harry Connick Jr.
120560,Jim Piddock
4786,Richard Attenborough
3229,Arliss Howard
488,Steven Spielberg
38670,Camilla Belle
16847,Eli Roth
44736,Goran Kosti?
591346,Forbes KB
9832,Tyler Mane
34691,John Spencer
4520,William Forsythe
2712,Michael Biehn
11885,John C. McGinley
71913,Bokeem Woodbine
3230,Todd Louiso
11659,David Bowe
58650,Raymond Cruz
56105,Ren?e Taylor
36137,Nectar Rose
26723,Katheryn Winnick
29222,Zac Efron
29221,Brittany Snow
4568,Jayne Eastwood
26042,Jerry Stiller
82647,Bruce McFee
20739,Adam Shankman
29216,Zachary Woodlee
54650,Gerry Mendicino
5473,Julian Wadham
49961,Michelle Trachtenberg
43120,Andy Dick
12850,Dabney Coleman
85931,D. L. Hughley
11794,Frances Bay
19119,M?lanie Laurent
94427,Stephanie Honor?
8695,Guillermo D?az
34847,Emma Roberts
31031,Kyla Pratt
55258,Robinne Lee
14406,Lisa Kudrow
1982,Ajay Naidu
81681,Denis O'Hare
47774,Vincent Pastore
2314,Peter Falk
7164,Frank Vincent
53397,Christina Aguilera
15565,Jennifer Hudson
15564,Keith Robinson
15566,Sharon Leal
18284,Loretta Devine
154224,Esther Scott
37936,Christina Milian
20373,Arielle Kebbel
8791,Marie-Jos?e Croze
2369,Michael Lonsdale
19299,Eamonn Walker
21798,Johnny Messner
58068,Fionnula Flanagan
25541,Katherine Heigl
63232,Mary Birdsong
83872,Casey Wilson
118595,Ric Reitz
57108,Usher Raymond
57192,Spencer Locke
36811,Nick Cannon
3391,Kathleen Turner
31711,Troy Garity
31713,Br?an F. O'Byrne
31715,Azura Skye
1205,Richard Gere
11857,John Gielgud
99183,Alan van Sprang
17243,Jonathan Tucker
20848,Rumer Willis
5313,Lena Olin
21353,Isaiah Washington
12139,Lolita Davidovich
65164,Master P
2641,Martin Landau
38560,Lou Diamond Phillips
151384,Meredith Scott Lynn
9208,Robert Wagner
64351,Eloy Casados
28848,Sean Pertwee
2048,Gary Busey
67602,Corbin Bleu
60072,Sara Paxton
17441,Lou Taylor Pucci
11889,Mark Moses
2233,Bridget Fonda
16850,Rose McGowan
59410,Bob Odenkirk
14390,Diane Mizota
51957,Roger L. Jackson
16429,Jacob Vargas
51551,James Handy
109144,Damian Young
52703,Alan C. Peterson
11512,John Heard
42694,Tamara Tunie
5170,Mike Starr
55275,Jernard Burks
9979,Peter Coyote
25544,James Pickens Jr.
1226302,Jillian Bell
5375,Geoffrey Arend
1238,Torsten Voges
781,Paul Reiser
54708,Carla Gallo
63279,Anna Deavere Smith
21163,Gary Cole
13101,Ian Roberts
58733,Jason Davis
4239,Yasiin Bey
31029,Kristen Wilson
51547,James Avery
16484,Joey Lauren Adams
51944,Mike Epps
78619,David L. Lander
51391,Frankie Muniz
56902,John Witherspoon
2464,Angus Macfadyen
21431,David Gant
49271,Brian Geraghty
81462,Dendrie Taylor
6008,Harry Shearer
12438,Bob Balaban
12122,Ron Rifkin
12645,Jeffrey DeMunn
1990,Brian Howe
65561,Kip Pardue
2692,Robert Sean Leonard
193040,Dan Duran
1479,Frank Collison
28042,Rory Culkin
28044,Merritt Wever
15903,George Carlin
1210,H?ctor Elizondo
32291,Sandra Taylor
95469,Shannon Wilcox
230176,Eve
53348,Petr J?kl ml.
43125,Rob Paulsen
17414,Jill Talley
1065,Thomas F. Wilson
453,Riki Lindhome
33241,Michael Gaston
121939,Michael Countryman
65054,Rainer Bock
550554,Sebastian H?lk
59287,Gregory Nicotero
6692,Caroline Goodall
13392,Arthur Malet
4,Carrie Fisher
22384,John Amos
11901,Dennis Franz
17874,Fred Dalton Thompson
19453,Tom Bower
1280,Don Harvey
6198,Vondie Curtis-Hall
2694,Josh Charles
15533,Olivier Martinez
10480,Denis Arndt
3128,Alicia Witt
92857,Shalom Harlow
54782,Mary Beth Hurt
2714,Lance Henriksen
109870,Tom Woodruff Jr.
85140,Kevin G. Schmidt
77196,"Chris Warren, Jr."
21594,Chris Klein
21043,Dylan Walsh
43774,Daniel Roebuck
16580,George Cheung
33836,Sean O'Bryan
2391,Michael Dorn
2392,Gates McFadden
2393,Marina Sirtis
149484,Will Rothhaar
218605,Bonnie Johnson
1986,Peter Gerety
6969,Geoff Bell
5444,Philippe Nahon
5646,Justus von Dohn?nyi
1984,Kimberly Scott
87118,Michael Beach
38570,Ken Jenkins
6952,Charlie Sheen
2555,David Proval
82167,David Costabile
80536,David Walliams
137927,Struan Rodger
1473866,Elwin 'Chopper' David
2302,Adam Fogerty
11395,Victor Wong
10486,Chelcie Ross
16856,Gabriel Macht
9029,Stephen Rea
100,Scott Speedman
162849,James Martin Kelly
17641,Denise Faye
51381,Michael Weston
5090,Adrian Grenier
65727,Sam Jaeger
144081,Aden Young
1583695,George Christy
6613,Minnie Driver
7497,Holt McCallany
3359,Laurence Olivier
18616,David Morrissey
25656,Terence Harvey
8767,Jim Caviezel
62644,50 Cent
1042684,Lydia Hull
51670,Johnathon Schaech
105688,Bashar Rahal
38571,John Beasley
27554,Alan Bates
56676,Michael Welch
65225,Justin Chon
8338,Jodelle Ferland
5887,Catalina Sandino Moreno
41746,Serge Houde
15439,Gary Farmer
32287,Scott Sowers
106791,Aida Turturro
15029,Enrico Colantoni
15372,Jeremy Roberts
60286,Ralph Garman
1264229,Jodie Brunelle
2978,Max Minghella
120833,Richard Durden
9565,Louise Lasser
51856,Jenna Fischer
39189,Stephen Merchant
42199,Daniel Greene
32225,Lindsay Crouse
21384,Paul Butler
94561,Phil Hawn
59219,Kyle Gallner
37154,John Magaro
1078613,Beau Knapp
66446,Lucy Punch
17402,Ron Livingston
79082,Randall Park
52801,Patrick Fischler
1539,Rick Overton
1271773,Bill Martin Williams
550317,Jillian Batherson
12640,David Duchovny
12214,Gillian Anderson
12646,Terry O'Quinn
1274297,Glendon Rich
37203,Jason Beghe
25663,Thomas Brodie-Sangster
36669,Rupert Friend
1117,Dennis Farina
52476,Dylan Bruno
17606,Imogen Poots
118545,Dakota Johnson
34485,Lauren Holly
34489,Eric Balfour
34490,Sarah Paulson
26483,Valerie Perrine
86267,Ana Gasteyer
120244,Arden Myrin
52419,Josh Hamilton
20186,Damian Lewis
114894,C. Ernst Harth
1023139,Adam Driver
33528,Joseph Cross
239271,Jeremy Strong
57093,Stephen Spinella
1470,Wayne Duvall
21142,Gregory Itzin
21082,Raynor Scheine
8183,Kathleen Quinlan
31167,Elizabeth Mitchell
38582,David Krumholtz
777,Judge Reinhold
43554,Josef Altin
40311,Adrian Scarborough
3568,Patrick Godfrey
5344,Meg Ryan
26716,Heather Burns
44830,Deborah Rush
61659,Chris Messina
3196,Juliette Lewis
1056523,John D'Leo
558466,Alex Russell
190,Clint Eastwood
20767,Samantha Mathis
10437,Lily Tomlin
5376,Jean Smart
14408,Matthew Perry
168875,Gary Weeks
417,Ginnifer Goodwin
6238,Juliet Stevenson
4888,Lily Rabe
78080,Krysten Ritter
111683,Jason Mantzoukas
2226,Sydney Pollack
5025,Vinessa Shaw
26718,Dorian Missick
113373,Mike Birbiglia
943751,Donna Marie Recco
29512,Gerald McRaney
1096595,Brett Baker
10871,Natasha Lyonne
723,Patrick Swayze
1063,Lea Thompson
8258,Ben Johnson
65019,Lane Smith
16307,Maura Tierney
26715,Robert Klein
1910,Caroline Aaron
17303,Ali Larter
57250,Robin Shou
14699,Pamela Reed
16560,David Caruso
51298,Dax Shepard
7470,Meat Loaf
59285,Ezra Buzzington
1004,Danny Aiello
15028,Daryl Mitchell
17087,Michael Moore
3543,Jamie Foreman
3545,Edward Hardwicke
1062,Christopher Lloyd
968889,Billy Blair
1091423,Jimmy Gonzales
17764,Charles S. Dutton
36190,Edie Falco
16273,Simon Chandler
17078,Michael Smiley
25711,Kevin Cooney
13635,Kristen Johnston
20495,Jeff Fahey
6588,Isabella Rossellini
16433,James Gammon
49425,Annabeth Gish
10427,Anne Archer
2155,Thora Birch
37042,Ann Magnuson
58058,Lochlyn Munro
18181,David Keith
43115,Clement von Franckenstein
71530,Romany Malco
22122,Meagan Good
84407,Jim Gaffigan
52052,Jessica Simpson
15234,David Arquette
76961,Demi?n Bichir
38526,R?my Girard
10402,Alanna Ubach
149665,Kali Rocha
58754,Haley Bennett
61011,Clarke Peters
50877,Jill Hennessy
1201,Garry Marshall
11663,Patrick Fugit
467645,Boyd Holbrook
15412,David Clennon
162828,Cooper Thornton
43024,Vincent Franklin
16327,Timothy Hutton
11318,Holland Taylor
5657,Anjelica Huston
214108,Gary Owen
55253,Michelle Krusiec
10430,Fred Ward
31512,Robert John Burke
2682,Franky G
33663,Donald Trump
1243,Woody Allen
10774,Anne Bancroft
58184,Jane Curtin
74610,Tasha Smith
89462,Kali Hawk
452,Margo Martindale
5958,Hilary Duff
1036196,Dexter Darden
79211,David House
3712,Saul Rubinek
2139,Makenzie Vega Norfolk
7502,Ernest Borgnine
95635,Michelle Nolden
77896,Bill Bellamy
19189,Elizabeth Berkley
16663,Delia Sheppard
14852,James Karen
3095,Gianni Russo
84077,Duane Martin
1152,Oliver Stone
1902,Dianne Wiest
43853,Irma P. Hall
55755,Richard T. Jones
61704,Al Leong
9779,Morris Chestnut
9296,Balthazar Getty
28744,Jacqueline McKenzie
2841,Alison Folland
62760,Zena Grey
26852,Joshua Leonard
2969,Chris Penn
6396,Richard Edson
14104,Phil Hartman
13640,Harvey Korman
87003,Curtis Armstrong
58475,Angus MacInnes
3205,Richard Lineback
41249,Tess Harper
54014,David Hayman
54246,Peter Friedman
21858,Krista Allen
8893,Stockard Channing
30364,Tracey Ullman
33339,Jody Racicot
23880,Steven Seagal
5616,Everett McGill
11803,Peter Greene
18328,Ken Howard
58535,Paul Herman
2413,Dominique Pinon
15455,Tate Donovan
3051,Toni Collette
58528,James Urbaniak
38940,Evan Rachel Wood
18992,Aidan Quinn
88029,Alison Brie
3799,Billy Dee Williams
30614,Ryan Gosling
21675,Jack Conley
14226,Gia Carides
1524,Harold Ramis
59843,Paul Scheer
82190,Robert Hobbs
33489,Josh Mostel
7465,Carrie Preston
13918,Elizabeth Hurley
589,Daryl Hannah
326,Kim Basinger
3137,Paul Calderon
50117,Peter Hermann
77023,Jack Gilpin
14669,George Wyner
128207,Patricia French
94854,Tom Nowicki
14698,Penelope Ann Miller
12516,Linda Hunt
14702,Cathy Moriarty
59693,Liza Col?n-Zayas
22053,Alan Blumenfeld
27116,Kevin Conway
4735,John Doman
20187,Camryn Manheim
64908,Lisa Gay Hamilton
3151,Jack Lemmon
11665,Michael Angarano
826,Fairuza Balk
11111,Lucy Davis
93035,Oliver Muirhead
170820,Ben Falcone
9778,Ice Cube
336,Xzibit
55086,Cam Gigandet
32203,Stephen Moyer
35257,Timothy West
77013,Deirdre O'Connell
95517,Justina Machado
18658,Mia Kirshner
66743,Matt Bomer
2843,Rob Campbell
7431,Kevin Zegers
10386,Debra Monk
58643,Linda Emond
12134,Sally Kirkland
34457,Ian Gomez
69399,Alexandra Holden
95741,George Plimpton
23776,Matt King
31137,Brian J. White
27112,Terence Kelly
21944,Burt Kwouk
59671,Clayne Crawford
15032,Jed Rees
56680,Luke Grimes
112476,Dylan Minnette
77089,Ken Marino
6437,Ben Shenkman
4606,Jimmy Ortega
37043,Taylor Negron
54714,Keith Loneker
32798,Elisabeth Moss
6906,Lee Tergesen
5384,Method Man
33656,Heather Matarazzo
18315,Monica Keena
56757,Eva Amurri Martino
85825,Leighton Meester
61114,Kate Walsh
73589,Johnny Whitworth
38559,Christopher Lambert
10556,Carol Kane
36816,David Sparrow
71128,Ashley Scott
29934,Brett Rice
10565,Dick Cavett
53260,Adriane Lenox
17866,Jon Abrahams
20006,Christopher Reeve
20011,Margot Kidder
1067,Marc McClure
31364,Sarah Douglas
184980,Burnell Tucker
995587,Chao Li Chi
1208039,Arthur Tovey
55257,Adam Arkin
52886,Jeffrey Donovan
6541,Philip Bosco
21593,Jason Biggs
21595,Alyson Hannigan
52480,Eddie Kaye Thomas
21403,Thomas Ian Nicholas
170432,Willam Belli
15824,Chris Mulkey
208519,Nick Kroll
71552,Ari Graynor
50398,Devon Sawa
121757,Maddie Corman
76546,Ricky Schroder
11864,Ryan Phillippe
29685,Kurt Fuller
54696,Joe Nunez
1006368,Karen Kahn
21711,Erika Christensen
18326,Dennis Miller
141,David Carradine
75465,Lewis Arquette
18071,Geoffrey Lewis
15453,Debra Jo Rupp
41247,Len Cariou
22131,J. T. Walsh
62564,Madeline Carroll
20503,Scott Mosier
26854,Phil Davis
42545,Ron Jeremy
39658,Sally Hawkins
59675,Mel Rodriguez
85139,Nicholas Braun
778,John Ashton
5950,Seymour Cassel
31837,Dane Cook
22126,Jessica Cauffiel
1395904,Nikki Tyler-Flynn
2171,Griffin Dunne
1580198,Steve Tyler
263229,Roger Fan
25879,Geoff Pierson
52021,Frank Wood
593,Joanna Cassidy
38160,Patti D'Arbanville
4001,Simon Callow
28414,Matt Letscher
20215,Billy Campbell
27492,Garrett M. Brown
74615,Nicole Ari Parker
65760,Marin Hinkle
55493,Brady Corbet
5319,Ron Cook
8212,Peter Gallagher
143242,Terrence Jenkins
9274,James Brolin
2091,James Mason
9878,Lois Maxwell
54789,Sean Patrick Flanery
10839,Leonor Varela
1341,Donnie Yen
1102,Elpidia Carrillo
946356,Andrea Frankle
16460,Marcus Lyle Brown
3094,Talia Shire
3174,Richard Bright
47879,John Savage
2876,Matt Dillon
19275,Amanda Detmer
10224,Clifton James
6485,Busta Rhymes
86034,Julianne Nicholson
17772,Jesse Bradford
15091,Melanie Lynskey
26008,Gordon Clapp
33532,Stark Sands
35705,Regina Hall
6907,Annie Corley
4255,Richard Portnow
20492,Jordan Ladd
21319,Sheri Moon Zombie
27737,Bill Moseley
27736,Tom Towles
6407,Marley Shelton
1217939,Robert Peters
45407,Mark Duplass
351,Judy Davis
8261,Willie Nelson
56251,Kevin Heffernan
83352,Mircea Monroe
1068811,Matthew Cornwell
152355,Jeanine Jackson
17921,Clem Caserta
4692,Frank Adonis
60672,Zen Gesner
61178,Alia Shawkat
61185,Jackie Burroughs
33352,Cory Monteith
7210,Kathleen Freeman
10942,Pat Roach
3272,Drake Bell
7036,Eric Stoltz
55463,Jessica Stroup
22108,Skeet Ulrich
28778,Shirley Knight
28779,Lupe Ontiveros
35551,Julie Benz
1070,Frances Lee McCain
1909,Conchata Ferrell
19838,Marg Helgenberger
3801,Tracey Walter
10739,Bebe Neuwirth
56446,John Cena
81197,Mark L. Young
141034,Billy Magnussen
16859,Tammy Blanchard
5296,James Ransone
13549,Deborah Kara Unger
52043,Stuart Pankin
57136,Ryan Merriman
51998,Liza Lapira
2137,Benito Martinez
70904,Michelle Dockery
77277,Nate Parker
56675,Anson Mount
59238,Chris Marquette
11278,Rupert Graves
11282,John Standing
30328,Martin Savage
41547,Georgina Chapman
57854,Cheryl Hines
63234,Wendi McLendon-Covey
18285,Jennifer Esposito
2561,Victor Argo
1142720,Thomas Mann
20879,Kate Burton
61363,Alex Pettyfer
2977,Jamey Sheridan
2980,Nadim Sawalha
86498,Gabriel Iglesias
36628,Kate del Castillo
58899,Carly Schroeder
25884,Mary Lynn Rajskub
404,Melora Hardin
5251,Jack Warden
1234,Tara Reid
8211,Mena Suvari
74618,Katrina Bowden
21596,Shannon Elizabeth
26999,Chris Owen
28412,Rebecca De Mornay
115874,Carlos G?mez
15537,Leonard L. Thomas
4689,Bronson Pinchot
11163,John Saxon
101377,Paul Bartel
19439,Henry Gibson
1538,Rick Ducommun
10380,Jim Haynie
11867,Eric Mabius
9144,Sally Phillips
21721,Dean Cain
6720,Joan Chen
38406,Paris Hilton
994,Stephen Marcus
51536,Agnes Bruckner
17348,Muse Watson
14415,Julie Hagerty
71727,Betty White
1123886,Raeden Greer
17637,Taye Diggs
116027,Eli Marienthal
94428,Lara Grice
1295668,Thomas Francis Murphy
994259,Marco Perella
21124,Paula Garc?s
15423,Paget Brewster
82663,Shannon Woodward
61134,Tatiana Maslany
6450,Faye Dunaway
17479,Matyelok Gibbs
3711,Anna Levine
14984,Jessica Hecht
60561,Mo'Nique
17770,Kevin Tighe
52188,Drew Snyder
26467,Kyra Sedgwick
54247,Aaron Yoo
71375,Alden Ehrenreich
3201,Pruitt Taylor Vince
1347310,Jackie Tuttle
71555,Andrew Wilson
55085,Amber Heard
85178,Christa Campbell
84760,Nick Gomez
5139,Robert Englund
1737,David Patrick Kelly
56152,Kari Wuhrer
33713,Jordan Lund
36668,Sinead Matthews
21708,Tom?s Mili?n
656,Denholm Elliott
1271092,Derek Lyons
69298,Michael McGlone
169469,Jesse Hutch
15500,P.J. Soles
1263449,Curt Clendenin
15415,Peter Maloney
6281,Charlotte Ayanna
922,Allen Garfield
56266,Fred Gwynne
15213,John P. Ryan
424,Dallas Roberts
15370,Gretchen Mol
86397,Chad Donella
154917,Al Sapienza
112562,Catherine Dyer
44038,Nancy Allen
7004,Paul Sorvino
1466,Charles Durning
25503,Mandy Patinkin
1107,R. G. Armstrong
11478,Lorraine Bracco
59882,Paz de la Huerta
21027,Mika Boorem
75467,Stephen E. Miller
3052,Rachel Griffiths
62065,Bree Turner
77803,Keri Lynn Pratt
85759,Maria Canals-Barrera
59260,Ann Cusack
63791,Jay Brazeau
27136,Katharine Isabelle
17487,John Gallagher Jr.
72983,Manny P?rez
12967,Swoosie Kurtz
60650,Michael Par?
4961,Gabriele Ferzetti
49278,Olivier Rabourdin
35597,Jenny McCarthy
11850,Candice Bergen
62856,Seth Meyers
51214,Brad Renfro
6352,Jane Fonda
15424,Michael Vartan
34844,Monet Mazur
569,Ethan Hawke
35768,James DeBello
10826,Traci Lords
95102,Kaitlin Olson
7058,Kris Marshall
7062,Andrew Lincoln
25837,Elisha Cuthbert
29803,Madeline Kahn
7505,Roddy McDowall
385,Ian Richardson
4958,Henry Fonda
21561,Tim Matheson
10731,Anna Chancellor
34546,Mark Gatiss
34551,Reece Shearsmith
31135,Jermaine Williams
19578,Alexis Arquette
209,Jane Adams
1793,Ricardo Montalban
12517,Freddie Jones
12518,Richard Jordan
586,Sean Young
44103,Richard Fitzpatrick
15416,Richard Masur
11077,John de Lancie
31171,Julie Bowen
25626,Robert Ridgely
58368,Robert Hoffman
45863,Doris Roberts
67600,Ashley Tisdale
38085,Michael O'Keefe
1232,David Huddleston
8975,Sam Waterston
58924,Clifton Powell
41556,Omari Hardwick
5644,Alexandra Maria Lara
459980,Andr? Holland
4987,Omar Epps
15007,Laura Harring
7675,Paul Gleason
32598,Daniel Franzese
58356,Kerry Bish?
11067,Terry Kinney
16584,Dana Lee
14884,Michael Constantine
17882,Isabelle Huppert
7664,Joseph Cotten
978,Steven Mackintosh
11065,Wilford Brimley
58370,Amanda Crew
18022,Gina McKee
11617,Mischa Barton
54447,Samuel West
80597,Kym Whitley
22127,Christina Kirk
141823,Tisha Campbell-Martin
45245,Paula Jai Parker
7570,Lauren Bacall
10513,Robert Brown
79795,Shiloh Fernandez
26473,Fisher Stevens
8857,Debbie Reynolds
521563,Anders Holm
1228374,Colin Foo
2415,Yolande Moreau
52475,J. Smith-Cameron
122239,Sylvia Kauders
1072,James Tolkan
54564,George Buck Flower
41436,Andrew Airlie
17403,Mike Judge
65171,Tim Parati
87287,Bonnie Aarons
73417,Joseph Bishara
230060,Amy Ferguson
16666,Kevin Connolly
60928,Busy Philipps
56685,Brooke Bloom
9206,Neve Campbell
35596,Deon Richmond
19302,Jason Mewes
2454,Matt Clark
15413,Richard Dysart
4316,"Harry Carey, Jr."
6463,Dub Taylor
13003,Marvin J. McIntyre
85142,Paul Ben-Victor
17185,Helen Carey
16506,Henry G. Sanders
232006,Nat Wolff
27764,Steven Waddington
98889,Thomas Jefferson Byrd
6279,Alexis Bledel
20496,Jason Douglas
171538,Clark Middleton
17093,Eduardo Noriega
56824,Jaime Pressly
154826,Catherine Reitman
7180,John Candy
41737,Tony Plana
14101,John Larroquette
9781,Nia Long
12950,George Kennedy
52776,Dagmara Domi?czyk
783,Jonathan Banks
10462,Geoffrey Keen
6610,Walter Gotell
26513,Debra Winger
13728,John McMartin
4800,Gena Rowlands
65568,James Sikking
15788,Nigel Hawthorne
19976,Robert Joy
11510,Macaulay Culkin
6212,Zak Orth
138988,Paul Lazar
87707,John Ventimiglia
2842,Jeannetta Arnette
85500,Sab Shimono
18702,Mark Dacascos
663,William Hootkins
50,Catherine Deneuve
71586,Alfie Allen
19975,Michael Rosenbaum
33262,Stuart Greer
127738,Harry Northup
5699,Patti LuPone
23931,Mira Sorvino
11084,Kelly McGillis
42746,John Doe
38581,Rachael Leigh Cook
28164,Charles Grodin
58954,Darrell Hammond
38371,Anna Thalbach
6542,Isaac Hayes
6734,Ken Davitian
12248,Alec Guinness
20754,Philip Pavel
25246,Andy Lau
4025,Steve Park
33161,Fran?ois Cluzet
4390,Ludivine Sagnier
73132,Marco Rodr?guez
111922,Robert Capron
75463,Michael Hitchcock
77870,Glenn Howerton
1622,Chang Chen
1751,James Doohan
1754,Walter Koenig
67601,Lucas Grabeel
88161,Debbi Morgan
5346,Dan Futterman
13526,Noah Wyle
23958,Jeremy Sisto
12983,Joe Sheridan
33668,Noam Jenkins
2676,Kim Roberts
51798,Katee Sackhoff
45050,Craig Parkinson
232749,Nelson Bonilla
28478,Christian McKay
4778,Melinda Dillon
1472,Ray McKinnon
36926,Frances Sternhagen
59154,Tamala Jones
32751,Mark Acheson
100260,Mike Moroff
1281758,Sugar Lyn Beard
16217,Lynn Whitfield
1750,DeForest Kelley
1753,Nichelle Nichols
1820,Mark Lenard
8487,Gregory Peck
1936,Martin Balsam
1137,Juliette Binoche
5475,Clive Merrison
54815,Steven Strait
17488,Alice Drummond
57395,Natasha Henstridge
56358,Patricia Belcher
7401,Lin Shaye
9785,"John Cothran, Jr."
168679,Michael Harding
5281,Spike Lee
139135,Lena Dunham
22224,Michael Ian Black
1011103,William Peltz
66524,Noureen DeWulf
81388,Steve Howey
6637,Frank Finlay
5445,Zinedine Soualem
62747,Chad Michael Murray
112742,Emily Alyn Lind
2051,Mar?a Conchita Alonso
23658,Jennifer Schwalbach Smith
576173,Harley Quinn Smith
18249,Cicely Tyson
37158,Carmen Ejogo
10539,Kim Hunter
80348,Lorena Gale
57686,Hill Harper
77278,Denzel Whitaker
120253,Tony Bentley
11866,Joshua Jackson
33712,Carlos Carrasco
141765,Sharon Landry
2165,Rosanna Arquette
53863,Simon Helberg
19511,Larry Pine
17483,Michael Maloney
652,Paul Freeman
821,Beverly D'Angelo
11868,Sean Patrick Thomas
1374151,Hunter Burke
33343,John Ralston
94182,Marco St. John
132538,Jack Purvis
27974,Daniel Tay
18589,Lee Majors
31136,Chris Brown
1215836,Kyle Bornheimer
59214,Cas Anvar
54711,Kevin Breznahan
51042,Niamh Wilson
8608,Murray Hamilton
12439,J. Patrick McNamara
14253,Slim Pickens
66288,Roberts Blossom
4963,Woody Strode
1578,Holmes Osborne
94098,Gillian Jacobs
2154,Scott Bakula
8350,Sam Bottoms
20747,Joanna Gleason
9874,Bernard Lee
58544,Neal Huff
59184,Ernie Lively
34070,Nora Zehetner
62001,Dee Wallace
49002,Donald Faison
47085,Ronald Guttman
25540,Sandra Oh
35516,Howard Hesseman
39520,Garret Dillahunt
137424,Gia Mantegna
21318,Scout Taylor-Compton
8492,Rosemary Murphy
10447,Mariel Hemingway
6979,Romola Garai
4154,Brenda Blethyn
17476,Peter Wight
37052,Wendy Nottingham
258,Gael Garc?a Bernal
39125,Will Sasso
16376,Larry David
63494,Kirby Heyborne
72988,Dominic Col?n
232499,Harry Shum Jr.
27755,Melissa George
5050,Yaphet Kotto
54645,Nia Vardalos
59017,Jurnee Smollett
4721,Jill Scott
7071,Louise Fletcher
11511,Daniel Stern
12543,Eileen Ryan
98,Sarah Polley
1471,Ed Gale
55541,Eddie Cibrian
70303,Zach Gilford
52996,Heather Goldenhersh
41886,Mark Polish
54716,Lauren Miller
185805,Jason Jones
50095,Jason Ritter
1451543,Kofi Siriboe
62590,Jack Riley
19011,George W. Bush
77795,Katherine Waterston
20752,Alex Rocco
57387,Leo Fitzpatrick
8437,Teri Garr
6973,Fenella Woolgar
2112,Brock Peters
4996,Tatyana Ali
10767,Barbara Hershey
6721,Piper Laurie
65528,Cynthia Stevenson
71815,Emily Meade
144438,Jeff Witzke
151797,Jimmy Yuill
31070,Ryan O'Neal
65772,Shaun Sipos
33457,Amy Aquino
20056,Keith Allen
6575,Gil Bellows
11517,Gerry Bamman
13663,Robert Shaye
12852,Barry Corbin
8937,John Wood
5385,Jackie Hoffman
16832,Tony Hawk
45400,Greta Gerwig
8226,Billie Whitelaw
27563,Amy Irving
11480,Frank Sivero
11484,Suzanne Shepherd
21385,Tony Sirico
17490,Isiah Whitlock Jr.
42998,Elizabeth Berrington
59967,Rebecca Gayheart
29791,Lynn Redgrave
51975,Laura Ramsey
61852,Nicholas Gonzalez
154000,Essence Atkins
70518,Jo Hartley
53117,Dustin Milligan
235782,Vanessa Martinez
11891,Ivan Kane
20173,Don McKellar
40,Orson Welles
5140,Wes Craven
1034453,La La Anthony
23630,Jeff Anderson
3270,Natasha Gregson Wagner
97619,Linnea Quigley
9221,Donald Pleasence
53828,Jennifer Carpenter
6844,Dom DeLuise
19265,Khandi Alexander
90498,Devon Bostick
23629,Brian O'Halloran
21624,Judd Nelson
16525,Joe Spinell
386,Peter Vaughan
174700,Angela Curran
3034,Corey Feldman
70947,Tad Horino
6217,Anupam Kher
52474,Jason London
55422,Elaine Hendrix
1101,Carl Weathers
73127,Joseph Julian Soria
14801,Hal Landon Jr.
57823,Marylouise Burke
13473,Barry Bostwick
3070,Chris Haywood
26472,Steve Guttenberg
3160,Nehemiah Persoff
4165,John Wayne
20190,Efren Ramirez
93228,Louis Herthum
53936,Melonie Diaz
5620,Kevin Farley
31383,Caroline Dhavernas
54649,Louis Mandylor
17187,Trini Alvarado
65344,Esai Morales
56679,Edwin Hodge
54124,Marceline Hugot
7073,Michael Berryman
11786,Charles Cyphers
98772,Lauren London
167564,Paul Sparks
19961,Nina Dobrev
32646,Monica Calhoun
22434,Betsy Russell
34915,Kristin Booth
66431,Jodie Whittaker
102,Deborah Harry
78501,Melissa Joan Hart
192838,Eileen Davies
11804,Duane Whitaker
132712,Keir Gilchrist
21246,Corbin Bernsen
62596,Kane Hodder
53367,Ruth Sheen
58045,Molly Hagan
35701,Dave Sheridan
8606,Robert Shaw
5695,Sid Haig
49551,Aloma Wright
222330,Brit Marling
13602,Joie Lee
8963,Karen Black
35793,Abhishek Bachchan
76667,Wesley Jonathan
221944,Katie Aselton
41042,Danny Dyer
29579,Charles Lane
84229,Mike Mazurki
8516,John Carradine
93538,De'Aundre Bonds
8260,Strother Martin
17753,Lionel Barrymore
4078,Lee Van Cleef
990,Frank Harper
13784,Burt Lancaster
90596,Katie Featherston
121323,Bess Flowers
8496,Paul Fix
78040,Alex Kendrick
854,James Stewart
3383,Thomas Mitchell
4303,Ward Bond
9096,Gino Corrado
34187,Chuck Hamilton
8493,Ruth White
34505,Stanley Andrews
1208035,Bert Stevens
96722,Byron Foulger
1045763,Harry Wilson
567620,Ricardo Garcia
